Filename,Satellite,City,Year,Season,Scene_ID,Acquisition_Date,Cloud_Cover,Export_Status
Landsat8_Chennai_2023_Winter_001,Landsat8,Chennai,2023,Winter,LC08_142051_20230222,22-02-2023,0.27,Started
Landsat8_Chennai_2023_Monsoon_001,Landsat8,Chennai,2023,Monsoon,LC08_142051_20230902,02-09-2023,1.12,Started
Landsat8_Chennai_2024_Summer_001,Landsat8,Chennai,2024,Summer,LC08_142051_20240531,31-05-2024,2.34,Started
Landsat8_Chennai_2024_Summer_002,Landsat8,Chennai,2024,Summer,LC08_142051_20240429,29-04-2024,4.53,Started
Landsat8_Bengaluru_2023_Winter_001,Landsat8,Bengaluru,2023,Winter,LC08_144051_20230119,19-01-2023,0.06,Started
Landsat8_Bengaluru_2023_Winter_002,Landsat8,Bengaluru,2023,Winter,LC08_144051_20230204,04-02-2023,0.85,Started
Landsat8_Bengaluru_2023_Winter_003,Landsat8,Bengaluru,2023,Winter,LC08_144051_20230220,20-02-2023,2.52,Started
Landsat8_Bengaluru_2023_Summer_001,Landsat8,Bengaluru,2023,Summer,LC08_144051_20230409,09-04-2023,0.72,Started
Landsat8_Bengaluru_2023_Summer_002,Landsat8,Bengaluru,2023,Summer,LC08_144051_20230527,27-05-2023,1.09,Started
Landsat8_Bengaluru_2023_PostMonsoon_001,Landsat8,Bengaluru,2023,PostMonsoon,LC08_144051_20231018,18-10-2023,0.69,Started
Landsat8_Bengaluru_2024_Winter_001,Landsat8,Bengaluru,2024,Winter,LC08_144051_20240207,07-02-2024,0,Started
Landsat8_Bengaluru_2024_Winter_002,Landsat8,Bengaluru,2024,Winter,LC08_144051_20240122,22-01-2024,0.68,Started
Landsat8_Bengaluru_2024_Winter_003,Landsat8,Bengaluru,2024,Winter,LC08_144051_20240223,23-02-2024,0.71,Started
Landsat8_Bengaluru_2024_Summer_001,Landsat8,Bengaluru,2024,Summer,LC08_144051_20240427,27-04-2024,0,Started
Landsat8_Bengaluru_2024_Summer_002,Landsat8,Bengaluru,2024,Summer,LC08_144051_20240411,11-04-2024,0.15,Started
Landsat8_Hyderabad_2023_Winter_001,Landsat8,Hyderabad,2023,Winter,LC08_144048_20230220,20-02-2023,0.01,Started
Landsat8_Hyderabad_2023_Winter_002,Landsat8,Hyderabad,2023,Winter,LC08_144048_20230204,04-02-2023,0.02,Started
Landsat8_Hyderabad_2023_Winter_003,Landsat8,Hyderabad,2023,Winter,LC08_144048_20230119,19-01-2023,0.06,Started
Landsat8_Hyderabad_2023_Summer_001,Landsat8,Hyderabad,2023,Summer,LC08_144048_20230527,27-05-2023,0.28,Started
Landsat8_Hyderabad_2023_Summer_002,Landsat8,Hyderabad,2023,Summer,LC08_144048_20230409,09-04-2023,0.97,Started
Landsat8_Hyderabad_2023_Summer_003,Landsat8,Hyderabad,2023,Summer,LC08_144048_20230612,12-06-2023,3.16,Started
Landsat8_Hyderabad_2023_PostMonsoon_001,Landsat8,Hyderabad,2023,PostMonsoon,LC08_144048_20231018,18-10-2023,0.9,Started
Landsat8_Hyderabad_2024_Winter_001,Landsat8,Hyderabad,2024,Winter,LC08_144048_20240207,07-02-2024,0.14,Started
Landsat8_Hyderabad_2024_Winter_002,Landsat8,Hyderabad,2024,Winter,LC08_144048_20240106,06-01-2024,2.32,Started
Landsat8_Hyderabad_2024_Winter_003,Landsat8,Hyderabad,2024,Winter,LC08_144048_20240223,23-02-2024,3.03,Started
Landsat8_Hyderabad_2024_Summer_001,Landsat8,Hyderabad,2024,Summer,LC08_144048_20240427,27-04-2024,0.01,Started
Landsat8_Hyderabad_2024_Summer_002,Landsat8,Hyderabad,2024,Summer,LC08_144048_20240529,29-05-2024,0.65,Started
Landsat8_Hyderabad_2024_PostMonsoon_001,Landsat8,Hyderabad,2024,PostMonsoon,LC08_144048_20241121,21-11-2024,0.98,Started
Landsat8_Hyderabad_2024_PostMonsoon_002,Landsat8,Hyderabad,2024,PostMonsoon,LC08_144048_20241105,05-11-2024,2.77,Started
Landsat8_Delhi_2023_Winter_001,Landsat8,Delhi,2023,Winter,LC08_147040_20230225,25-02-2023,0.04,Started
Landsat8_Delhi_2023_Winter_002,Landsat8,Delhi,2023,Winter,LC08_146040_20230117,17-01-2023,0.75,Started
Landsat8_Delhi_2023_Winter_003,Landsat8,Delhi,2023,Winter,LC08_146040_20230218,18-02-2023,0.77,Started
Landsat8_Delhi_2023_Summer_001,Landsat8,Delhi,2023,Summer,LC08_146040_20230407,07-04-2023,0,Started
Landsat8_Delhi_2023_Summer_002,Landsat8,Delhi,2023,Summer,LC08_146040_20230610,10-06-2023,0.04,Started
Landsat8_Delhi_2023_Summer_003,Landsat8,Delhi,2023,Summer,LC08_146040_20230509,09-05-2023,0.1,Started
Landsat8_Delhi_2023_Monsoon_001,Landsat8,Delhi,2023,Monsoon,LC08_147040_20230905,05-09-2023,1.87,Started
Landsat8_Delhi_2023_Monsoon_002,Landsat8,Delhi,2023,Monsoon,LC08_146040_20230829,29-08-2023,2.36,Started
Landsat8_Delhi_2023_Monsoon_003,Landsat8,Delhi,2023,Monsoon,LC08_147040_20230703,03-07-2023,4.78,Started
Landsat8_Delhi_2023_PostMonsoon_001,Landsat8,Delhi,2023,PostMonsoon,LC08_147040_20231007,07-10-2023,0.01,Started
Landsat8_Delhi_2023_PostMonsoon_002,Landsat8,Delhi,2023,PostMonsoon,LC08_146040_20231117,17-11-2023,0.08,Started
Landsat8_Delhi_2023_PostMonsoon_003,Landsat8,Delhi,2023,PostMonsoon,LC08_146040_20231101,01-11-2023,0.09,Started
Landsat8_Delhi_2024_Winter_001,Landsat8,Delhi,2024,Winter,LC08_147040_20240127,27-01-2024,0.38,Started
Landsat8_Delhi_2024_Summer_001,Landsat8,Delhi,2024,Summer,LC08_147040_20240518,18-05-2024,0,Started
Landsat8_Delhi_2024_Summer_002,Landsat8,Delhi,2024,Summer,LC08_147040_20240603,03-06-2024,0,Started
Landsat8_Delhi_2024_Summer_003,Landsat8,Delhi,2024,Summer,LC08_146040_20240612,12-06-2024,0.01,Started
Landsat8_Delhi_2024_PostMonsoon_001,Landsat8,Delhi,2024,PostMonsoon,LC08_147040_20241025,25-10-2024,0.02,Started
Landsat8_Delhi_2024_PostMonsoon_002,Landsat8,Delhi,2024,PostMonsoon,LC08_147040_20241009,09-10-2024,0.15,Started
Landsat8_Delhi_2024_PostMonsoon_003,Landsat8,Delhi,2024,PostMonsoon,LC08_146040_20241205,05-12-2024,0.2,Started
Landsat8_Mumbai_2023_Winter_001,Landsat8,Mumbai,2023,Winter,LC08_147047_20230209,09-02-2023,0,Started
Landsat8_Mumbai_2023_Winter_002,Landsat8,Mumbai,2023,Winter,LC08_148047_20230115,15-01-2023,0,Started
Landsat8_Mumbai_2023_Winter_003,Landsat8,Mumbai,2023,Winter,LC08_148047_20230216,16-02-2023,0,Started
Landsat8_Mumbai_2023_Summer_001,Landsat8,Mumbai,2023,Summer,LC08_147047_20230601,01-06-2023,0.03,Started
Landsat8_Mumbai_2023_Summer_002,Landsat8,Mumbai,2023,Summer,LC08_148047_20230421,21-04-2023,0.13,Started
Landsat8_Mumbai_2023_Summer_003,Landsat8,Mumbai,2023,Summer,LC08_148047_20230405,05-04-2023,2.71,Started
Landsat8_Mumbai_2023_PostMonsoon_001,Landsat8,Mumbai,2023,PostMonsoon,LC08_148047_20231115,15-11-2023,0,Started
Landsat8_Mumbai_2023_PostMonsoon_002,Landsat8,Mumbai,2023,PostMonsoon,LC08_147047_20231210,10-12-2023,0.04,Started
Landsat8_Mumbai_2023_PostMonsoon_003,Landsat8,Mumbai,2023,PostMonsoon,LC08_147047_20231023,23-10-2023,0.54,Started
Landsat8_Mumbai_2024_Winter_001,Landsat8,Mumbai,2024,Winter,LC08_148047_20240219,19-02-2024,0,Started
Landsat8_Mumbai_2024_Winter_002,Landsat8,Mumbai,2024,Winter,LC08_148047_20240203,03-02-2024,0.01,Started
Landsat8_Mumbai_2024_Winter_003,Landsat8,Mumbai,2024,Winter,LC08_148047_20240102,02-01-2024,0.03,Started
Landsat8_Mumbai_2024_Summer_001,Landsat8,Mumbai,2024,Summer,LC08_147047_20240502,02-05-2024,0,Started
Landsat8_Mumbai_2024_Summer_002,Landsat8,Mumbai,2024,Summer,LC08_148047_20240407,07-04-2024,0.1,Started
Landsat8_Mumbai_2024_Summer_003,Landsat8,Mumbai,2024,Summer,LC08_147047_20240518,18-05-2024,1,Started
Landsat8_Mumbai_2024_PostMonsoon_001,Landsat8,Mumbai,2024,PostMonsoon,LC08_147047_20241212,12-12-2024,0.02,Started
Landsat8_Kolkata_2023_Winter_001,Landsat8,Kolkata,2023,Winter,LC08_138044_20230109,09-01-2023,0.01,Started
Landsat8_Kolkata_2023_Winter_002,Landsat8,Kolkata,2023,Winter,LC08_138044_20230125,25-01-2023,0.06,Started
Landsat8_Kolkata_2023_Winter_003,Landsat8,Kolkata,2023,Winter,LC08_138044_20230226,26-02-2023,0.06,Started
Landsat8_Kolkata_2023_Summer_001,Landsat8,Kolkata,2023,Summer,LC08_138044_20230602,02-06-2023,4.01,Started
Landsat8_Kolkata_2023_PostMonsoon_001,Landsat8,Kolkata,2023,PostMonsoon,LC08_138045_20231211,11-12-2023,0.03,Started
Landsat8_Kolkata_2023_PostMonsoon_002,Landsat8,Kolkata,2023,PostMonsoon,LC08_138044_20231211,11-12-2023,0.05,Started
Landsat8_Kolkata_2023_PostMonsoon_003,Landsat8,Kolkata,2023,PostMonsoon,LC08_138045_20231125,25-11-2023,0.06,Started
Landsat8_Kolkata_2024_Winter_001,Landsat8,Kolkata,2024,Winter,LC08_138045_20240112,12-01-2024,3.26,Started
Landsat8_Kolkata_2024_Summer_001,Landsat8,Kolkata,2024,Summer,LC08_138045_20240401,01-04-2024,0.02,Started
Landsat8_Kolkata_2024_Summer_002,Landsat8,Kolkata,2024,Summer,LC08_138044_20240401,01-04-2024,0.13,Started
Landsat8_Kolkata_2024_Summer_003,Landsat8,Kolkata,2024,Summer,LC08_138044_20240503,03-05-2024,0.86,Started
Landsat8_Kolkata_2024_PostMonsoon_001,Landsat8,Kolkata,2024,PostMonsoon,LC08_138045_20241213,13-12-2024,0.86,Started
Landsat8_Ahmedabad_2023_Winter_001,Landsat8,Ahmedabad,2023,Winter,LC08_148044_20230115,15-01-2023,0.04,Started
Landsat8_Ahmedabad_2023_Winter_002,Landsat8,Ahmedabad,2023,Winter,LC08_149044_20230207,07-02-2023,0.24,Started
Landsat8_Ahmedabad_2023_Winter_003,Landsat8,Ahmedabad,2023,Winter,LC08_148044_20230216,16-02-2023,0.62,Started
Landsat8_Ahmedabad_2023_Summer_001,Landsat8,Ahmedabad,2023,Summer,LC08_149044_20230514,14-05-2023,0,Started
Landsat8_Ahmedabad_2023_Summer_002,Landsat8,Ahmedabad,2023,Summer,LC08_148044_20230421,21-04-2023,0.01,Started
Landsat8_Ahmedabad_2023_Summer_003,Landsat8,Ahmedabad,2023,Summer,LC08_148044_20230507,07-05-2023,0.09,Started
Landsat8_Ahmedabad_2023_PostMonsoon_001,Landsat8,Ahmedabad,2023,PostMonsoon,LC08_149044_20231005,05-10-2023,0,Started
Landsat8_Ahmedabad_2023_PostMonsoon_002,Landsat8,Ahmedabad,2023,PostMonsoon,LC08_149044_20231021,21-10-2023,0,Started
Landsat8_Ahmedabad_2023_PostMonsoon_003,Landsat8,Ahmedabad,2023,PostMonsoon,LC08_148044_20231115,15-11-2023,0.07,Started
Landsat8_Ahmedabad_2024_Winter_001,Landsat8,Ahmedabad,2024,Winter,LC08_148044_20240203,03-02-2024,0.03,Started
Landsat8_Ahmedabad_2024_Winter_002,Landsat8,Ahmedabad,2024,Winter,LC08_149044_20240210,10-02-2024,0.27,Started
Landsat8_Ahmedabad_2024_Winter_003,Landsat8,Ahmedabad,2024,Winter,LC08_148044_20240118,18-01-2024,0.71,Started
Landsat8_Ahmedabad_2024_Summer_001,Landsat8,Ahmedabad,2024,Summer,LC08_148044_20240423,23-04-2024,0,Started
Landsat8_Ahmedabad_2024_Summer_002,Landsat8,Ahmedabad,2024,Summer,LC08_148044_20240407,07-04-2024,0.01,Started
Landsat8_Ahmedabad_2024_Summer_003,Landsat8,Ahmedabad,2024,Summer,LC08_148044_20240525,25-05-2024,0.22,Started
Landsat8_Ahmedabad_2024_PostMonsoon_001,Landsat8,Ahmedabad,2024,PostMonsoon,LC08_148044_20241101,01-11-2024,0,Started
Landsat8_Ahmedabad_2024_PostMonsoon_002,Landsat8,Ahmedabad,2024,PostMonsoon,LC08_149044_20241108,08-11-2024,0,Started
Landsat8_Ahmedabad_2024_PostMonsoon_003,Landsat8,Ahmedabad,2024,PostMonsoon,LC08_149044_20241023,23-10-2024,0.01,Started
Landsat8_Pune_2023_Winter_001,Landsat8,Pune,2023,Winter,LC08_147047_20230209,09-02-2023,0,Started
Landsat8_Pune_2023_Winter_002,Landsat8,Pune,2023,Winter,LC08_147047_20230225,25-02-2023,0.02,Started
Landsat8_Pune_2023_Winter_003,Landsat8,Pune,2023,Winter,LC08_147047_20230108,08-01-2023,0.29,Started
Landsat8_Pune_2023_Summer_001,Landsat8,Pune,2023,Summer,LC08_147047_20230601,01-06-2023,0.03,Started
Landsat8_Pune_2023_Summer_002,Landsat8,Pune,2023,Summer,LC08_147047_20230516,16-05-2023,3.31,Started
Landsat8_Pune_2023_PostMonsoon_001,Landsat8,Pune,2023,PostMonsoon,LC08_147047_20231210,10-12-2023,0.04,Started
Landsat8_Pune_2023_PostMonsoon_002,Landsat8,Pune,2023,PostMonsoon,LC08_147047_20231023,23-10-2023,0.54,Started
Landsat8_Pune_2023_PostMonsoon_003,Landsat8,Pune,2023,PostMonsoon,LC08_147047_20231007,07-10-2023,4.29,Started
Landsat8_Pune_2024_Winter_001,Landsat8,Pune,2024,Winter,LC08_147047_20240111,11-01-2024,0.23,Started
Landsat8_Pune_2024_Winter_002,Landsat8,Pune,2024,Winter,LC08_147047_20240212,12-02-2024,2.83,Started
Landsat8_Pune_2024_Summer_001,Landsat8,Pune,2024,Summer,LC08_147047_20240502,02-05-2024,0,Started
Landsat8_Pune_2024_Summer_002,Landsat8,Pune,2024,Summer,LC08_147047_20240518,18-05-2024,1,Started
Landsat8_Pune_2024_Summer_003,Landsat8,Pune,2024,Summer,LC08_147047_20240416,16-04-2024,4.01,Started
Landsat8_Pune_2024_PostMonsoon_001,Landsat8,Pune,2024,PostMonsoon,LC08_147047_20241212,12-12-2024,0.02,Started
Landsat8_Jaipur_2023_Winter_001,Landsat8,Jaipur,2023,Winter,LC08_147042_20230225,25-02-2023,0.02,Started
Landsat8_Jaipur_2023_Winter_002,Landsat8,Jaipur,2023,Winter,LC08_147041_20230225,25-02-2023,0.03,Started
Landsat8_Jaipur_2023_Winter_003,Landsat8,Jaipur,2023,Winter,LC08_147041_20230209,09-02-2023,0.04,Started
Landsat8_Jaipur_2023_Summer_001,Landsat8,Jaipur,2023,Summer,LC08_147042_20230601,01-06-2023,0.48,Started
Landsat8_Jaipur_2023_Summer_002,Landsat8,Jaipur,2023,Summer,LC08_147041_20230414,14-04-2023,1.43,Started
Landsat8_Jaipur_2023_Summer_003,Landsat8,Jaipur,2023,Summer,LC08_147042_20230414,14-04-2023,4.58,Started
Landsat8_Jaipur_2023_Monsoon_001,Landsat8,Jaipur,2023,Monsoon,LC08_147041_20230905,05-09-2023,1.42,Started
Landsat8_Jaipur_2023_Monsoon_002,Landsat8,Jaipur,2023,Monsoon,LC08_147042_20230905,05-09-2023,1.62,Started
Landsat8_Jaipur_2023_PostMonsoon_001,Landsat8,Jaipur,2023,PostMonsoon,LC08_147041_20231007,07-10-2023,0,Started
Landsat8_Jaipur_2023_PostMonsoon_002,Landsat8,Jaipur,2023,PostMonsoon,LC08_147042_20231007,07-10-2023,0,Started
Landsat8_Jaipur_2023_PostMonsoon_003,Landsat8,Jaipur,2023,PostMonsoon,LC08_147042_20231210,10-12-2023,0.03,Started
Landsat8_Jaipur_2024_Winter_001,Landsat8,Jaipur,2024,Winter,LC08_147041_20240127,27-01-2024,0.28,Started
Landsat8_Jaipur_2024_Winter_002,Landsat8,Jaipur,2024,Winter,LC08_147041_20240111,11-01-2024,4.44,Started
Landsat8_Jaipur_2024_Summer_001,Landsat8,Jaipur,2024,Summer,LC08_147041_20240603,03-06-2024,0,Started
Landsat8_Jaipur_2024_Summer_002,Landsat8,Jaipur,2024,Summer,LC08_147041_20240518,18-05-2024,0.24,Started
Landsat8_Jaipur_2024_Summer_003,Landsat8,Jaipur,2024,Summer,LC08_147041_20240502,02-05-2024,0.27,Started
Landsat8_Jaipur_2024_PostMonsoon_001,Landsat8,Jaipur,2024,PostMonsoon,LC08_147041_20241025,25-10-2024,0.01,Started
Landsat8_Jaipur_2024_PostMonsoon_002,Landsat8,Jaipur,2024,PostMonsoon,LC08_147042_20241009,09-10-2024,0.01,Started
Landsat8_Jaipur_2024_PostMonsoon_003,Landsat8,Jaipur,2024,PostMonsoon,LC08_147042_20241025,25-10-2024,0.01,Started
Landsat8_Lucknow_2023_Winter_001,Landsat8,Lucknow,2023,Winter,LC08_144042_20230204,04-02-2023,0.04,Started
Landsat8_Lucknow_2023_Winter_002,Landsat8,Lucknow,2023,Winter,LC08_143041_20230213,13-02-2023,0.1,Started
Landsat8_Lucknow_2023_Winter_003,Landsat8,Lucknow,2023,Winter,LC08_143042_20230213,13-02-2023,0.19,Started
Landsat8_Lucknow_2023_Summer_001,Landsat8,Lucknow,2023,Summer,LC08_143041_20230418,18-04-2023,0,Started
Landsat8_Lucknow_2023_Summer_002,Landsat8,Lucknow,2023,Summer,LC08_143042_20230418,18-04-2023,0,Started
Landsat8_Lucknow_2023_Summer_003,Landsat8,Lucknow,2023,Summer,LC08_143042_20230520,20-05-2023,0,Started
Landsat8_Lucknow_2023_Monsoon_001,Landsat8,Lucknow,2023,Monsoon,LC08_144042_20230831,31-08-2023,2.54,Started
Landsat8_Lucknow_2023_PostMonsoon_001,Landsat8,Lucknow,2023,PostMonsoon,LC08_143041_20231112,12-11-2023,0.04,Started
Landsat8_Lucknow_2023_PostMonsoon_002,Landsat8,Lucknow,2023,PostMonsoon,LC08_144042_20231018,18-10-2023,0.07,Started
Landsat8_Lucknow_2023_PostMonsoon_003,Landsat8,Lucknow,2023,PostMonsoon,LC08_144041_20231018,18-10-2023,0.13,Started
Landsat8_Lucknow_2024_Winter_001,Landsat8,Lucknow,2024,Winter,LC08_144042_20240223,23-02-2024,0.01,Started
Landsat8_Lucknow_2024_Winter_002,Landsat8,Lucknow,2024,Winter,LC08_143041_20240131,31-01-2024,0.02,Started
Landsat8_Lucknow_2024_Winter_003,Landsat8,Lucknow,2024,Winter,LC08_144041_20240223,23-02-2024,0.03,Started
Landsat8_Lucknow_2024_Summer_001,Landsat8,Lucknow,2024,Summer,LC08_143042_20240607,07-06-2024,0,Started
Landsat8_Lucknow_2024_Summer_002,Landsat8,Lucknow,2024,Summer,LC08_144042_20240411,11-04-2024,0,Started
Landsat8_Lucknow_2024_Summer_003,Landsat8,Lucknow,2024,Summer,LC08_144041_20240411,11-04-2024,0.03,Started
Landsat8_Lucknow_2024_PostMonsoon_001,Landsat8,Lucknow,2024,PostMonsoon,LC08_143041_20241130,30-11-2024,0,Started
Landsat8_Lucknow_2024_PostMonsoon_002,Landsat8,Lucknow,2024,PostMonsoon,LC08_143042_20241130,30-11-2024,0.25,Started
Landsat8_Lucknow_2024_PostMonsoon_003,Landsat8,Lucknow,2024,PostMonsoon,LC08_144041_20241207,07-12-2024,0.26,Started
Landsat8_Visakhapatnam_2023_Winter_001,Landsat8,Visakhapatnam,2023,Winter,LC08_141047_20230215,15-02-2023,0,Started
Landsat8_Visakhapatnam_2023_Winter_002,Landsat8,Visakhapatnam,2023,Winter,LC08_141048_20230215,15-02-2023,1.54,Started
Landsat8_Visakhapatnam_2023_Winter_003,Landsat8,Visakhapatnam,2023,Winter,LC08_141047_20230130,30-01-2023,1.94,Started
Landsat8_Visakhapatnam_2023_Summer_001,Landsat8,Visakhapatnam,2023,Summer,LC08_141047_20230522,22-05-2023,1.34,Started
Landsat8_Visakhapatnam_2023_Summer_002,Landsat8,Visakhapatnam,2023,Summer,LC08_141048_20230420,20-04-2023,4.24,Started
Landsat8_Visakhapatnam_2023_PostMonsoon_001,Landsat8,Visakhapatnam,2023,PostMonsoon,LC08_141047_20231130,30-11-2023,0,Started
Landsat8_Visakhapatnam_2023_PostMonsoon_002,Landsat8,Visakhapatnam,2023,PostMonsoon,LC08_141048_20231013,13-10-2023,2.31,Started
Landsat8_Visakhapatnam_2024_Winter_001,Landsat8,Visakhapatnam,2024,Winter,LC08_141047_20240202,02-02-2024,3.72,Started
Landsat8_Visakhapatnam_2024_Summer_001,Landsat8,Visakhapatnam,2024,Summer,LC08_141048_20240422,22-04-2024,2.81,Started
Landsat9_Chennai_2023_Winter_001,Landsat9,Chennai,2023,Winter,LC09_142051_20230214,14-02-2023,2.59,Started
Landsat9_Chennai_2023_Summer_001,Landsat9,Chennai,2023,Summer,LC09_142051_20230419,19-04-2023,2.54,Started
Landsat9_Chennai_2024_Winter_001,Landsat9,Chennai,2024,Winter,LC09_142051_20240116,16-01-2024,1.19,Started
Landsat9_Chennai_2024_Monsoon_001,Landsat9,Chennai,2024,Monsoon,LC09_142051_20240912,12-09-2024,3.66,Started
Landsat9_Bengaluru_2023_Winter_001,Landsat9,Bengaluru,2023,Winter,LC09_144051_20230111,11-01-2023,0.04,Started
Landsat9_Bengaluru_2023_Winter_002,Landsat9,Bengaluru,2023,Winter,LC09_144051_20230127,27-01-2023,0.13,Started
Landsat9_Bengaluru_2023_Winter_003,Landsat9,Bengaluru,2023,Winter,LC09_144051_20230212,12-02-2023,0.78,Started
Landsat9_Bengaluru_2023_Summer_001,Landsat9,Bengaluru,2023,Summer,LC09_144051_20230417,17-04-2023,0.1,Started
Landsat9_Bengaluru_2023_Summer_002,Landsat9,Bengaluru,2023,Summer,LC09_144051_20230519,19-05-2023,4.39,Started
Landsat9_Bengaluru_2023_PostMonsoon_001,Landsat9,Bengaluru,2023,PostMonsoon,LC09_144051_20231111,11-11-2023,0.24,Started
Landsat9_Bengaluru_2024_Winter_001,Landsat9,Bengaluru,2024,Winter,LC09_144051_20240114,14-01-2024,0.46,Started
Landsat9_Bengaluru_2024_Winter_002,Landsat9,Bengaluru,2024,Winter,LC09_144051_20240215,15-02-2024,1.33,Started
Landsat9_Bengaluru_2024_Winter_003,Landsat9,Bengaluru,2024,Winter,LC09_144051_20240130,30-01-2024,2.65,Started
Landsat9_Bengaluru_2024_Summer_001,Landsat9,Bengaluru,2024,Summer,LC09_144051_20240505,05-05-2024,0.02,Started
Landsat9_Bengaluru_2024_Summer_002,Landsat9,Bengaluru,2024,Summer,LC09_144051_20240403,03-04-2024,2.06,Started
Landsat9_Bengaluru_2024_PostMonsoon_001,Landsat9,Bengaluru,2024,PostMonsoon,LC09_144051_20241028,28-10-2024,4.48,Started
Landsat9_Hyderabad_2023_Winter_001,Landsat9,Hyderabad,2023,Winter,LC09_144048_20230212,12-02-2023,0.09,Started
Landsat9_Hyderabad_2023_Winter_002,Landsat9,Hyderabad,2023,Winter,LC09_144048_20230111,11-01-2023,0.14,Started
Landsat9_Hyderabad_2023_Winter_003,Landsat9,Hyderabad,2023,Winter,LC09_144048_20230127,27-01-2023,0.52,Started
Landsat9_Hyderabad_2023_Summer_001,Landsat9,Hyderabad,2023,Summer,LC09_144048_20230519,19-05-2023,0.55,Started
Landsat9_Hyderabad_2023_Summer_002,Landsat9,Hyderabad,2023,Summer,LC09_144048_20230401,01-04-2023,0.87,Started
Landsat9_Hyderabad_2023_PostMonsoon_001,Landsat9,Hyderabad,2023,PostMonsoon,LC09_144048_20231026,26-10-2023,0.01,Started
Landsat9_Hyderabad_2023_PostMonsoon_002,Landsat9,Hyderabad,2023,PostMonsoon,LC09_144048_20231111,11-11-2023,1.41,Started
Landsat9_Hyderabad_2023_PostMonsoon_003,Landsat9,Hyderabad,2023,PostMonsoon,LC09_144048_20231010,10-10-2023,2.21,Started
Landsat9_Hyderabad_2024_Winter_001,Landsat9,Hyderabad,2024,Winter,LC09_144048_20240114,14-01-2024,0.29,Started
Landsat9_Hyderabad_2024_Summer_001,Landsat9,Hyderabad,2024,Summer,LC09_144048_20240505,05-05-2024,0.29,Started
Landsat9_Delhi_2023_Winter_001,Landsat9,Delhi,2023,Winter,LC09_146040_20230226,26-02-2023,0.05,Started
Landsat9_Delhi_2023_Winter_002,Landsat9,Delhi,2023,Winter,LC09_147040_20230116,16-01-2023,0.14,Started
Landsat9_Delhi_2023_Winter_003,Landsat9,Delhi,2023,Winter,LC09_146040_20230210,10-02-2023,0.74,Started
Landsat9_Delhi_2023_Summer_001,Landsat9,Delhi,2023,Summer,LC09_146040_20230415,15-04-2023,0.01,Started
Landsat9_Delhi_2023_Summer_002,Landsat9,Delhi,2023,Summer,LC09_147040_20230406,06-04-2023,0.01,Started
Landsat9_Delhi_2023_Summer_003,Landsat9,Delhi,2023,Summer,LC09_147040_20230422,22-04-2023,0.04,Started
Landsat9_Delhi_2023_PostMonsoon_001,Landsat9,Delhi,2023,PostMonsoon,LC09_146040_20231024,24-10-2023,0.07,Started
Landsat9_Delhi_2023_PostMonsoon_002,Landsat9,Delhi,2023,PostMonsoon,LC09_146040_20231008,08-10-2023,0.09,Started
Landsat9_Delhi_2023_PostMonsoon_003,Landsat9,Delhi,2023,PostMonsoon,LC09_146040_20231211,11-12-2023,1.22,Started
Landsat9_Delhi_2024_Summer_001,Landsat9,Delhi,2024,Summer,LC09_147040_20240408,08-04-2024,0,Started
Landsat9_Delhi_2024_Summer_002,Landsat9,Delhi,2024,Summer,LC09_147040_20240424,24-04-2024,0,Started
Landsat9_Delhi_2024_Summer_003,Landsat9,Delhi,2024,Summer,LC09_147040_20240526,26-05-2024,0,Started
Landsat9_Delhi_2024_PostMonsoon_001,Landsat9,Delhi,2024,PostMonsoon,LC09_147040_20241102,02-11-2024,0.01,Started
Landsat9_Delhi_2024_PostMonsoon_002,Landsat9,Delhi,2024,PostMonsoon,LC09_147040_20241204,04-12-2024,0.09,Started
Landsat9_Delhi_2024_PostMonsoon_003,Landsat9,Delhi,2024,PostMonsoon,LC09_146040_20241010,10-10-2024,0.18,Started
Landsat9_Mumbai_2023_Winter_001,Landsat9,Mumbai,2023,Winter,LC09_147047_20230116,16-01-2023,0,Started
Landsat9_Mumbai_2023_Winter_002,Landsat9,Mumbai,2023,Winter,LC09_147047_20230217,17-02-2023,0,Started
Landsat9_Mumbai_2023_Winter_003,Landsat9,Mumbai,2023,Winter,LC09_148047_20230224,24-02-2023,0,Started
Landsat9_Mumbai_2023_Summer_001,Landsat9,Mumbai,2023,Summer,LC09_147047_20230422,22-04-2023,0.09,Started
Landsat9_Mumbai_2023_Summer_002,Landsat9,Mumbai,2023,Summer,LC09_147047_20230524,24-05-2023,1.62,Started
Landsat9_Mumbai_2023_Summer_003,Landsat9,Mumbai,2023,Summer,LC09_148047_20230531,31-05-2023,3.95,Started
Landsat9_Mumbai_2023_PostMonsoon_001,Landsat9,Mumbai,2023,PostMonsoon,LC09_148047_20231209,09-12-2023,0.03,Started
Landsat9_Mumbai_2023_PostMonsoon_002,Landsat9,Mumbai,2023,PostMonsoon,LC09_147047_20231116,16-11-2023,0.04,Started
Landsat9_Mumbai_2023_PostMonsoon_003,Landsat9,Mumbai,2023,PostMonsoon,LC09_148047_20231022,22-10-2023,0.21,Started
Landsat9_Mumbai_2024_Winter_001,Landsat9,Mumbai,2024,Winter,LC09_147047_20240220,20-02-2024,0,Started
Landsat9_Mumbai_2024_Winter_002,Landsat9,Mumbai,2024,Winter,LC09_148047_20240211,11-02-2024,0,Started
Landsat9_Mumbai_2024_Winter_003,Landsat9,Mumbai,2024,Winter,LC09_147047_20240204,04-02-2024,0.04,Started
Landsat9_Mumbai_2024_Summer_001,Landsat9,Mumbai,2024,Summer,LC09_147047_20240408,08-04-2024,0,Started
Landsat9_Mumbai_2024_Summer_002,Landsat9,Mumbai,2024,Summer,LC09_148047_20240415,15-04-2024,0.04,Started
Landsat9_Mumbai_2024_Summer_003,Landsat9,Mumbai,2024,Summer,LC09_148047_20240501,01-05-2024,1.29,Started
Landsat9_Mumbai_2024_PostMonsoon_001,Landsat9,Mumbai,2024,PostMonsoon,LC09_148047_20241024,24-10-2024,0,Started
Landsat9_Mumbai_2024_PostMonsoon_002,Landsat9,Mumbai,2024,PostMonsoon,LC09_148047_20241109,09-11-2024,0,Started
Landsat9_Mumbai_2024_PostMonsoon_003,Landsat9,Mumbai,2024,PostMonsoon,LC09_147047_20241118,18-11-2024,0.06,Started
Landsat9_Kolkata_2023_Winter_001,Landsat9,Kolkata,2023,Winter,LC09_138044_20230202,02-02-2023,0.67,Started
Landsat9_Kolkata_2023_Summer_001,Landsat9,Kolkata,2023,Summer,LC09_138045_20230407,07-04-2023,1.15,Started
Landsat9_Kolkata_2023_Summer_002,Landsat9,Kolkata,2023,Summer,LC09_138044_20230407,07-04-2023,2.7,Started
Landsat9_Kolkata_2023_PostMonsoon_001,Landsat9,Kolkata,2023,PostMonsoon,LC09_138044_20231101,01-11-2023,0.04,Started
Landsat9_Kolkata_2023_PostMonsoon_002,Landsat9,Kolkata,2023,PostMonsoon,LC09_138045_20231016,16-10-2023,0.19,Started
Landsat9_Kolkata_2023_PostMonsoon_003,Landsat9,Kolkata,2023,PostMonsoon,LC09_138045_20231101,01-11-2023,0.24,Started
Landsat9_Kolkata_2024_Winter_001,Landsat9,Kolkata,2024,Winter,LC09_138044_20240104,04-01-2024,0.05,Started
Landsat9_Kolkata_2024_Winter_002,Landsat9,Kolkata,2024,Winter,LC09_138045_20240104,04-01-2024,0.08,Started
Landsat9_Kolkata_2024_Summer_001,Landsat9,Kolkata,2024,Summer,LC09_138045_20240425,25-04-2024,1.09,Started
Landsat9_Kolkata_2024_Summer_002,Landsat9,Kolkata,2024,Summer,LC09_138044_20240425,25-04-2024,2.27,Started
Landsat9_Kolkata_2024_PostMonsoon_001,Landsat9,Kolkata,2024,PostMonsoon,LC09_138045_20241205,05-12-2024,0,Started
Landsat9_Kolkata_2024_PostMonsoon_002,Landsat9,Kolkata,2024,PostMonsoon,LC09_138044_20241205,05-12-2024,0.01,Started
Landsat9_Kolkata_2024_PostMonsoon_003,Landsat9,Kolkata,2024,PostMonsoon,LC09_138044_20241119,19-11-2024,0.04,Started
Landsat9_Ahmedabad_2023_Winter_001,Landsat9,Ahmedabad,2023,Winter,LC09_149044_20230215,15-02-2023,0.01,Started
Landsat9_Ahmedabad_2023_Winter_002,Landsat9,Ahmedabad,2023,Winter,LC09_148044_20230208,08-02-2023,0.03,Started
Landsat9_Ahmedabad_2023_Winter_003,Landsat9,Ahmedabad,2023,Winter,LC09_148044_20230107,07-01-2023,0.13,Started
Landsat9_Ahmedabad_2023_Summer_001,Landsat9,Ahmedabad,2023,Summer,LC09_148044_20230531,31-05-2023,0,Started
Landsat9_Ahmedabad_2023_Summer_002,Landsat9,Ahmedabad,2023,Summer,LC09_149044_20230522,22-05-2023,0,Started
Landsat9_Ahmedabad_2023_Summer_003,Landsat9,Ahmedabad,2023,Summer,LC09_148044_20230515,15-05-2023,0.59,Started
Landsat9_Ahmedabad_2023_PostMonsoon_001,Landsat9,Ahmedabad,2023,PostMonsoon,LC09_149044_20231029,29-10-2023,0.01,Started
Landsat9_Ahmedabad_2023_PostMonsoon_002,Landsat9,Ahmedabad,2023,PostMonsoon,LC09_149044_20231013,13-10-2023,0.02,Started
Landsat9_Ahmedabad_2023_PostMonsoon_003,Landsat9,Ahmedabad,2023,PostMonsoon,LC09_148044_20231107,07-11-2023,0.04,Started
Landsat9_Ahmedabad_2024_Winter_001,Landsat9,Ahmedabad,2024,Winter,LC09_149044_20240218,18-02-2024,0.02,Started
Landsat9_Ahmedabad_2024_Winter_002,Landsat9,Ahmedabad,2024,Winter,LC09_149044_20240202,02-02-2024,1.87,Started
Landsat9_Ahmedabad_2024_Winter_003,Landsat9,Ahmedabad,2024,Winter,LC09_149044_20240117,17-01-2024,2.72,Started
Landsat9_Ahmedabad_2024_Summer_001,Landsat9,Ahmedabad,2024,Summer,LC09_148044_20240501,01-05-2024,0,Started
Landsat9_Ahmedabad_2024_Summer_002,Landsat9,Ahmedabad,2024,Summer,LC09_149044_20240524,24-05-2024,0,Started
Landsat9_Ahmedabad_2024_Summer_003,Landsat9,Ahmedabad,2024,Summer,LC09_149044_20240422,22-04-2024,0.04,Started
Landsat9_Ahmedabad_2024_PostMonsoon_001,Landsat9,Ahmedabad,2024,PostMonsoon,LC09_148044_20241024,24-10-2024,0,Started
Landsat9_Ahmedabad_2024_PostMonsoon_002,Landsat9,Ahmedabad,2024,PostMonsoon,LC09_148044_20241109,09-11-2024,0,Started
Landsat9_Ahmedabad_2024_PostMonsoon_003,Landsat9,Ahmedabad,2024,PostMonsoon,LC09_149044_20241031,31-10-2024,0,Started
Landsat9_Pune_2023_Winter_001,Landsat9,Pune,2023,Winter,LC09_147047_20230116,16-01-2023,0,Started
Landsat9_Pune_2023_Winter_002,Landsat9,Pune,2023,Winter,LC09_147047_20230217,17-02-2023,0,Started
Landsat9_Pune_2023_Summer_001,Landsat9,Pune,2023,Summer,LC09_147047_20230422,22-04-2023,0.09,Started
Landsat9_Pune_2023_Summer_002,Landsat9,Pune,2023,Summer,LC09_147047_20230524,24-05-2023,1.62,Started
Landsat9_Pune_2023_PostMonsoon_001,Landsat9,Pune,2023,PostMonsoon,LC09_147047_20231116,16-11-2023,0.04,Started
Landsat9_Pune_2023_PostMonsoon_002,Landsat9,Pune,2023,PostMonsoon,LC09_147047_20231015,15-10-2023,1.66,Started
Landsat9_Pune_2023_PostMonsoon_003,Landsat9,Pune,2023,PostMonsoon,LC09_147047_20231031,31-10-2023,3.88,Started
Landsat9_Pune_2024_Winter_001,Landsat9,Pune,2024,Winter,LC09_147047_20240220,20-02-2024,0,Started
Landsat9_Pune_2024_Winter_002,Landsat9,Pune,2024,Winter,LC09_147047_20240204,04-02-2024,0.04,Started
Landsat9_Pune_2024_Winter_003,Landsat9,Pune,2024,Winter,LC09_147047_20240119,19-01-2024,0.76,Started
Landsat9_Pune_2024_Summer_001,Landsat9,Pune,2024,Summer,LC09_147047_20240408,08-04-2024,0,Started
Landsat9_Pune_2024_PostMonsoon_001,Landsat9,Pune,2024,PostMonsoon,LC09_147047_20241118,18-11-2024,0.06,Started
Landsat9_Pune_2024_PostMonsoon_002,Landsat9,Pune,2024,PostMonsoon,LC09_147047_20241102,02-11-2024,2.54,Started
Landsat9_Jaipur_2023_Winter_001,Landsat9,Jaipur,2023,Winter,LC09_147042_20230116,16-01-2023,0.08,Started
Landsat9_Jaipur_2023_Winter_002,Landsat9,Jaipur,2023,Winter,LC09_147041_20230116,16-01-2023,0.18,Started
Landsat9_Jaipur_2023_Winter_003,Landsat9,Jaipur,2023,Winter,LC09_147041_20230201,01-02-2023,0.36,Started
Landsat9_Jaipur_2023_Summer_001,Landsat9,Jaipur,2023,Summer,LC09_147041_20230508,08-05-2023,0,Started
Landsat9_Jaipur_2023_Summer_002,Landsat9,Jaipur,2023,Summer,LC09_147041_20230406,06-04-2023,0.03,Started
Landsat9_Jaipur_2023_Summer_003,Landsat9,Jaipur,2023,Summer,LC09_147042_20230406,06-04-2023,0.24,Started
Landsat9_Jaipur_2023_Monsoon_001,Landsat9,Jaipur,2023,Monsoon,LC09_147041_20230828,28-08-2023,1.28,Started
Landsat9_Jaipur_2023_PostMonsoon_001,Landsat9,Jaipur,2023,PostMonsoon,LC09_147042_20231015,15-10-2023,1.36,Started
Landsat9_Jaipur_2023_PostMonsoon_002,Landsat9,Jaipur,2023,PostMonsoon,LC09_147042_20231116,16-11-2023,3.97,Started
Landsat9_Jaipur_2024_Winter_001,Landsat9,Jaipur,2024,Winter,LC09_147042_20240220,20-02-2024,4.62,Started
Landsat9_Jaipur_2024_Summer_001,Landsat9,Jaipur,2024,Summer,LC09_147041_20240408,08-04-2024,0,Started
Landsat9_Jaipur_2024_Summer_002,Landsat9,Jaipur,2024,Summer,LC09_147041_20240424,24-04-2024,0,Started
Landsat9_Jaipur_2024_Summer_003,Landsat9,Jaipur,2024,Summer,LC09_147041_20240526,26-05-2024,0,Started
Landsat9_Jaipur_2024_PostMonsoon_001,Landsat9,Jaipur,2024,PostMonsoon,LC09_147042_20241001,01-10-2024,0.01,Started
Landsat9_Jaipur_2024_PostMonsoon_002,Landsat9,Jaipur,2024,PostMonsoon,LC09_147041_20241001,01-10-2024,0.03,Started
Landsat9_Jaipur_2024_PostMonsoon_003,Landsat9,Jaipur,2024,PostMonsoon,LC09_147042_20241102,02-11-2024,0.03,Started
Landsat9_Lucknow_2023_Winter_001,Landsat9,Lucknow,2023,Winter,LC09_144042_20230212,12-02-2023,0.01,Started
Landsat9_Lucknow_2023_Winter_002,Landsat9,Lucknow,2023,Winter,LC09_143041_20230221,21-02-2023,0.02,Started
Landsat9_Lucknow_2023_Winter_003,Landsat9,Lucknow,2023,Winter,LC09_144041_20230212,12-02-2023,0.09,Started
Landsat9_Lucknow_2023_Summer_001,Landsat9,Lucknow,2023,Summer,LC09_143042_20230512,12-05-2023,0,Started
Landsat9_Lucknow_2023_Summer_002,Landsat9,Lucknow,2023,Summer,LC09_144041_20230417,17-04-2023,0,Started
Landsat9_Lucknow_2023_Summer_003,Landsat9,Lucknow,2023,Summer,LC09_144042_20230417,17-04-2023,0,Started
Landsat9_Lucknow_2023_PostMonsoon_001,Landsat9,Lucknow,2023,PostMonsoon,LC09_144042_20231010,10-10-2023,0,Started
Landsat9_Lucknow_2023_PostMonsoon_002,Landsat9,Lucknow,2023,PostMonsoon,LC09_143042_20231120,20-11-2023,0.02,Started
Landsat9_Lucknow_2023_PostMonsoon_003,Landsat9,Lucknow,2023,PostMonsoon,LC09_144041_20231213,13-12-2023,0.02,Started
Landsat9_Lucknow_2024_Winter_001,Landsat9,Lucknow,2024,Winter,LC09_143041_20240208,08-02-2024,1.41,Started
Landsat9_Lucknow_2024_Summer_001,Landsat9,Lucknow,2024,Summer,LC09_144041_20240505,05-05-2024,0,Started
Landsat9_Lucknow_2024_Summer_002,Landsat9,Lucknow,2024,Summer,LC09_144042_20240419,19-04-2024,0,Started
Landsat9_Lucknow_2024_Summer_003,Landsat9,Lucknow,2024,Summer,LC09_144042_20240521,21-05-2024,0,Started
Landsat9_Lucknow_2024_PostMonsoon_001,Landsat9,Lucknow,2024,PostMonsoon,LC09_143042_20241122,22-11-2024,0,Started
Landsat9_Lucknow_2024_PostMonsoon_002,Landsat9,Lucknow,2024,PostMonsoon,LC09_143041_20241122,22-11-2024,0.01,Started
Landsat9_Lucknow_2024_PostMonsoon_003,Landsat9,Lucknow,2024,PostMonsoon,LC09_144042_20241113,13-11-2024,0.03,Started
Landsat9_Visakhapatnam_2023_Winter_001,Landsat9,Visakhapatnam,2023,Winter,LC09_141047_20230223,23-02-2023,0,Started
Landsat9_Visakhapatnam_2023_Winter_002,Landsat9,Visakhapatnam,2023,Winter,LC09_141047_20230207,07-02-2023,0.05,Started
Landsat9_Visakhapatnam_2023_Winter_003,Landsat9,Visakhapatnam,2023,Winter,LC09_141047_20230106,06-01-2023,1.38,Started
Landsat9_Visakhapatnam_2023_Summer_001,Landsat9,Visakhapatnam,2023,Summer,LC09_141048_20230412,12-04-2023,0.04,Started
Landsat9_Visakhapatnam_2023_Summer_002,Landsat9,Visakhapatnam,2023,Summer,LC09_141047_20230412,12-04-2023,0.08,Started
Landsat9_Visakhapatnam_2023_Summer_003,Landsat9,Visakhapatnam,2023,Summer,LC09_141047_20230530,30-05-2023,2.82,Started
Landsat9_Visakhapatnam_2023_PostMonsoon_001,Landsat9,Visakhapatnam,2023,PostMonsoon,LC09_141047_20231021,21-10-2023,3.93,Started
Landsat9_Visakhapatnam_2024_Summer_001,Landsat9,Visakhapatnam,2024,Summer,LC09_141048_20240414,14-04-2024,0.31,Started
Landsat9_Visakhapatnam_2024_Summer_002,Landsat9,Visakhapatnam,2024,Summer,LC09_141047_20240414,14-04-2024,1.44,Started
Landsat9_Visakhapatnam_2024_Summer_003,Landsat9,Visakhapatnam,2024,Summer,LC09_141048_20240430,30-04-2024,1.51,Started
Landsat8_Chennai_2025_Winter_001,Landsat8,Chennai,2025,Winter,LC08_142051_20250211,11-02-2025,2.95,Started
Landsat8_Chennai_2025_Monsoon_001,Landsat8,Chennai,2025,Monsoon,LC08_142051_20250806,06-08-2025,2.32,Started
Landsat8_Chennai_2026_Summer_001,Landsat8,Chennai,2026,Summer,LC08_142051_20260606,06-06-2026,1.84,Started
Landsat8_Chennai_2026_Summer_002,Landsat8,Chennai,2026,Summer,LC08_142051_20260419,19-04-2026,2.39,Started
Landsat8_Chennai_2026_Summer_003,Landsat8,Chennai,2026,Summer,LC08_142051_20260403,03-04-2026,3.41,Started
Landsat8_Bengaluru_2025_Winter_001,Landsat8,Bengaluru,2025,Winter,LC08_144051_20250209,09-02-2025,0.18,Started
Landsat8_Bengaluru_2025_Winter_002,Landsat8,Bengaluru,2025,Winter,LC08_144051_20250225,25-02-2025,0.53,Started
Landsat8_Bengaluru_2025_Winter_003,Landsat8,Bengaluru,2025,Winter,LC08_144051_20250108,08-01-2025,2.67,Started
Landsat8_Bengaluru_2025_Summer_001,Landsat8,Bengaluru,2025,Summer,LC08_144051_20250414,14-04-2025,0.92,Started
Landsat8_Bengaluru_2025_PostMonsoon_001,Landsat8,Bengaluru,2025,PostMonsoon,LC08_144051_20251210,10-12-2025,0.1,Started
Landsat8_Bengaluru_2026_Winter_001,Landsat8,Bengaluru,2026,Winter,LC08_144051_20260212,12-02-2026,0.05,Started
Landsat8_Bengaluru_2026_Winter_002,Landsat8,Bengaluru,2026,Winter,LC08_144051_20260127,27-01-2026,1.51,Started
Landsat8_Bengaluru_2026_Summer_001,Landsat8,Bengaluru,2026,Summer,LC08_144051_20260401,01-04-2026,0.23,Started
Landsat8_Hyderabad_2025_Winter_001,Landsat8,Hyderabad,2025,Winter,LC08_144048_20250225,25-02-2025,0.13,Started
Landsat8_Hyderabad_2025_Winter_002,Landsat8,Hyderabad,2025,Winter,LC08_144048_20250209,09-02-2025,0.16,Started
Landsat8_Hyderabad_2025_Winter_003,Landsat8,Hyderabad,2025,Winter,LC08_144048_20250108,08-01-2025,3.13,Started
Landsat8_Hyderabad_2025_Summer_001,Landsat8,Hyderabad,2025,Summer,LC08_144048_20250430,30-04-2025,1.49,Started
Landsat8_Hyderabad_2025_PostMonsoon_001,Landsat8,Hyderabad,2025,PostMonsoon,LC08_144048_20251108,08-11-2025,0.04,Started
Landsat8_Hyderabad_2025_PostMonsoon_002,Landsat8,Hyderabad,2025,PostMonsoon,LC08_144048_20251210,10-12-2025,0.14,Started
Landsat8_Hyderabad_2026_Winter_001,Landsat8,Hyderabad,2026,Winter,LC08_144048_20260212,12-02-2026,0.09,Started
Landsat8_Hyderabad_2026_Winter_002,Landsat8,Hyderabad,2026,Winter,LC08_144048_20260127,27-01-2026,2.04,Started
Landsat8_Hyderabad_2026_Summer_001,Landsat8,Hyderabad,2026,Summer,LC08_144048_20260401,01-04-2026,0.07,Started
Landsat8_Hyderabad_2026_Summer_002,Landsat8,Hyderabad,2026,Summer,LC08_144048_20260503,03-05-2026,0.6,Started
Landsat8_Hyderabad_2026_Summer_003,Landsat8,Hyderabad,2026,Summer,LC08_144048_20260417,17-04-2026,2.41,Started
Landsat8_Delhi_2025_Winter_001,Landsat8,Delhi,2025,Winter,LC08_146040_20250223,23-02-2025,0.11,Started
Landsat8_Delhi_2025_Winter_002,Landsat8,Delhi,2025,Winter,LC08_147040_20250129,29-01-2025,4.05,Started
Landsat8_Delhi_2025_Summer_001,Landsat8,Delhi,2025,Summer,LC08_147040_20250403,03-04-2025,0,Started
Landsat8_Delhi_2025_Summer_002,Landsat8,Delhi,2025,Summer,LC08_147040_20250521,21-05-2025,0,Started
Landsat8_Delhi_2025_Summer_003,Landsat8,Delhi,2025,Summer,LC08_146040_20250514,14-05-2025,0.09,Started
Landsat8_Delhi_2025_PostMonsoon_001,Landsat8,Delhi,2025,PostMonsoon,LC08_147040_20251012,12-10-2025,0.01,Started
Landsat8_Delhi_2025_PostMonsoon_002,Landsat8,Delhi,2025,PostMonsoon,LC08_147040_20251129,29-11-2025,0.01,Started
Landsat8_Delhi_2025_PostMonsoon_003,Landsat8,Delhi,2025,PostMonsoon,LC08_146040_20251106,06-11-2025,0.27,Started
Landsat8_Delhi_2026_Winter_001,Landsat8,Delhi,2026,Winter,LC08_146040_20260125,25-01-2026,0.1,Started
Landsat8_Delhi_2026_Winter_002,Landsat8,Delhi,2026,Winter,LC08_146040_20260226,26-02-2026,0.99,Started
Landsat8_Delhi_2026_Winter_003,Landsat8,Delhi,2026,Winter,LC08_147040_20260217,17-02-2026,1.31,Started
Landsat8_Delhi_2026_Summer_001,Landsat8,Delhi,2026,Summer,LC08_146040_20260415,15-04-2026,0,Started
Landsat8_Delhi_2026_Summer_002,Landsat8,Delhi,2026,Summer,LC08_147040_20260609,09-06-2026,0,Started
Landsat8_Delhi_2026_Summer_003,Landsat8,Delhi,2026,Summer,LC08_147040_20260422,22-04-2026,0.01,Started
Landsat8_Mumbai_2025_Winter_001,Landsat8,Mumbai,2025,Winter,LC08_147047_20250214,14-02-2025,0,Started
Landsat8_Mumbai_2025_Winter_002,Landsat8,Mumbai,2025,Winter,LC08_148047_20250104,04-01-2025,0,Started
Landsat8_Mumbai_2025_Winter_003,Landsat8,Mumbai,2025,Winter,LC08_148047_20250205,05-02-2025,0,Started
Landsat8_Mumbai_2025_Summer_001,Landsat8,Mumbai,2025,Summer,LC08_147047_20250505,05-05-2025,0.15,Started
Landsat8_Mumbai_2025_Summer_002,Landsat8,Mumbai,2025,Summer,LC08_147047_20250419,19-04-2025,0.35,Started
Landsat8_Mumbai_2025_Summer_003,Landsat8,Mumbai,2025,Summer,LC08_148047_20250410,10-04-2025,4.49,Started
Landsat8_Mumbai_2025_PostMonsoon_001,Landsat8,Mumbai,2025,PostMonsoon,LC08_148047_20251120,20-11-2025,0,Started
Landsat8_Mumbai_2025_PostMonsoon_002,Landsat8,Mumbai,2025,PostMonsoon,LC08_147047_20251012,12-10-2025,0.01,Started
Landsat8_Mumbai_2025_PostMonsoon_003,Landsat8,Mumbai,2025,PostMonsoon,LC08_147047_20251113,13-11-2025,0.01,Started
Landsat8_Mumbai_2026_Winter_001,Landsat8,Mumbai,2026,Winter,LC08_148047_20260224,24-02-2026,0,Started
Landsat8_Mumbai_2026_Winter_002,Landsat8,Mumbai,2026,Winter,LC08_148047_20260107,07-01-2026,0.01,Started
Landsat8_Mumbai_2026_Winter_003,Landsat8,Mumbai,2026,Winter,LC08_148047_20260208,08-02-2026,0.01,Started
Landsat8_Mumbai_2026_Summer_001,Landsat8,Mumbai,2026,Summer,LC08_148047_20260413,13-04-2026,1.03,Started
Landsat8_Mumbai_2026_Summer_002,Landsat8,Mumbai,2026,Summer,LC08_147047_20260422,22-04-2026,2.28,Started
Landsat8_Mumbai_2026_Summer_003,Landsat8,Mumbai,2026,Summer,LC08_147047_20260508,08-05-2026,4.63,Started
Landsat8_Kolkata_2025_Winter_001,Landsat8,Kolkata,2025,Winter,LC08_138044_20250215,15-02-2025,0.01,Started
Landsat8_Kolkata_2025_Winter_002,Landsat8,Kolkata,2025,Winter,LC08_138045_20250215,15-02-2025,0.01,Started
Landsat8_Kolkata_2025_Winter_003,Landsat8,Kolkata,2025,Winter,LC08_138045_20250114,14-01-2025,0.68,Started
Landsat8_Kolkata_2025_PostMonsoon_001,Landsat8,Kolkata,2025,PostMonsoon,LC08_138045_20251114,14-11-2025,0,Started
Landsat8_Kolkata_2025_PostMonsoon_002,Landsat8,Kolkata,2025,PostMonsoon,LC08_138044_20251114,14-11-2025,0.02,Started
Landsat8_Kolkata_2025_PostMonsoon_003,Landsat8,Kolkata,2025,PostMonsoon,LC08_138044_20251130,30-11-2025,0.2,Started
Landsat8_Kolkata_2026_Winter_001,Landsat8,Kolkata,2026,Winter,LC08_138044_20260117,17-01-2026,0,Started
Landsat8_Kolkata_2026_Winter_002,Landsat8,Kolkata,2026,Winter,LC08_138045_20260117,17-01-2026,0,Started
Landsat8_Kolkata_2026_Winter_003,Landsat8,Kolkata,2026,Winter,LC08_138044_20260101,01-01-2026,0.02,Started
Landsat8_Kolkata_2026_Summer_001,Landsat8,Kolkata,2026,Summer,LC08_138044_20260423,23-04-2026,4.56,Started
Landsat8_Ahmedabad_2025_Winter_001,Landsat8,Ahmedabad,2025,Winter,LC08_148044_20250205,05-02-2025,0.04,Started
Landsat8_Ahmedabad_2025_Winter_002,Landsat8,Ahmedabad,2025,Winter,LC08_148044_20250221,21-02-2025,0.05,Started
Landsat8_Ahmedabad_2025_Winter_003,Landsat8,Ahmedabad,2025,Winter,LC08_149044_20250212,12-02-2025,0.09,Started
Landsat8_Ahmedabad_2025_Summer_001,Landsat8,Ahmedabad,2025,Summer,LC08_148044_20250426,26-04-2025,0,Started
Landsat8_Ahmedabad_2025_Summer_002,Landsat8,Ahmedabad,2025,Summer,LC08_149044_20250417,17-04-2025,0,Started
Landsat8_Ahmedabad_2025_Summer_003,Landsat8,Ahmedabad,2025,Summer,LC08_149044_20250503,03-05-2025,0,Started
Landsat8_Ahmedabad_2025_PostMonsoon_001,Landsat8,Ahmedabad,2025,PostMonsoon,LC08_148044_20251019,19-10-2025,0.06,Started
Landsat8_Ahmedabad_2025_PostMonsoon_002,Landsat8,Ahmedabad,2025,PostMonsoon,LC08_149044_20251111,11-11-2025,0.06,Started
Landsat8_Ahmedabad_2025_PostMonsoon_003,Landsat8,Ahmedabad,2025,PostMonsoon,LC08_148044_20251206,06-12-2025,0.11,Started
Landsat8_Ahmedabad_2026_Winter_001,Landsat8,Ahmedabad,2026,Winter,LC08_148044_20260107,07-01-2026,0.02,Started
Landsat8_Ahmedabad_2026_Winter_002,Landsat8,Ahmedabad,2026,Winter,LC08_148044_20260208,08-02-2026,0.04,Started
Landsat8_Ahmedabad_2026_Winter_003,Landsat8,Ahmedabad,2026,Winter,LC08_149044_20260215,15-02-2026,0.04,Started
Landsat8_Ahmedabad_2026_Summer_001,Landsat8,Ahmedabad,2026,Summer,LC08_148044_20260413,13-04-2026,0,Started
Landsat8_Ahmedabad_2026_Summer_002,Landsat8,Ahmedabad,2026,Summer,LC08_148044_20260429,29-04-2026,0,Started
Landsat8_Ahmedabad_2026_Summer_003,Landsat8,Ahmedabad,2026,Summer,LC08_148044_20260515,15-05-2026,0,Started
Landsat8_Pune_2025_Winter_001,Landsat8,Pune,2025,Winter,LC08_147047_20250214,14-02-2025,0,Started
Landsat8_Pune_2025_Winter_002,Landsat8,Pune,2025,Winter,LC08_147047_20250129,29-01-2025,2.53,Started
Landsat8_Pune_2025_Summer_001,Landsat8,Pune,2025,Summer,LC08_147047_20250505,05-05-2025,0.15,Started
Landsat8_Pune_2025_Summer_002,Landsat8,Pune,2025,Summer,LC08_147047_20250419,19-04-2025,0.35,Started
Landsat8_Pune_2025_PostMonsoon_001,Landsat8,Pune,2025,PostMonsoon,LC08_147047_20251012,12-10-2025,0.01,Started
Landsat8_Pune_2025_PostMonsoon_002,Landsat8,Pune,2025,PostMonsoon,LC08_147047_20251113,13-11-2025,0.01,Started
Landsat8_Pune_2026_Winter_001,Landsat8,Pune,2026,Winter,LC08_147047_20260116,16-01-2026,0.03,Started
Landsat8_Pune_2026_Winter_002,Landsat8,Pune,2026,Winter,LC08_147047_20260217,17-02-2026,0.19,Started
Landsat8_Pune_2026_Winter_003,Landsat8,Pune,2026,Winter,LC08_147047_20260201,01-02-2026,2,Started
Landsat8_Pune_2026_Summer_001,Landsat8,Pune,2026,Summer,LC08_147047_20260422,22-04-2026,2.28,Started
Landsat8_Pune_2026_Summer_002,Landsat8,Pune,2026,Summer,LC08_147047_20260508,08-05-2026,4.63,Started
Landsat8_Jaipur_2025_Winter_001,Landsat8,Jaipur,2025,Winter,LC08_147041_20250214,14-02-2025,0.04,Started
Landsat8_Jaipur_2025_Winter_002,Landsat8,Jaipur,2025,Winter,LC08_147042_20250214,14-02-2025,0.04,Started
Landsat8_Jaipur_2025_Winter_003,Landsat8,Jaipur,2025,Winter,LC08_147042_20250129,29-01-2025,0.3,Started
Landsat8_Jaipur_2025_Summer_001,Landsat8,Jaipur,2025,Summer,LC08_147041_20250419,19-04-2025,0,Started
Landsat8_Jaipur_2025_Summer_002,Landsat8,Jaipur,2025,Summer,LC08_147041_20250521,21-05-2025,0,Started
Landsat8_Jaipur_2025_Summer_003,Landsat8,Jaipur,2025,Summer,LC08_147042_20250419,19-04-2025,0,Started
Landsat8_Jaipur_2025_PostMonsoon_001,Landsat8,Jaipur,2025,PostMonsoon,LC08_147041_20251129,29-11-2025,0.02,Started
Landsat8_Jaipur_2025_PostMonsoon_002,Landsat8,Jaipur,2025,PostMonsoon,LC08_147042_20251113,13-11-2025,0.02,Started
Landsat8_Jaipur_2025_PostMonsoon_003,Landsat8,Jaipur,2025,PostMonsoon,LC08_147041_20251012,12-10-2025,0.54,Started
Landsat8_Jaipur_2026_Winter_001,Landsat8,Jaipur,2026,Winter,LC08_147042_20260116,16-01-2026,0.15,Started
Landsat8_Jaipur_2026_Winter_002,Landsat8,Jaipur,2026,Winter,LC08_147041_20260217,17-02-2026,3.15,Started
Landsat8_Jaipur_2026_Winter_003,Landsat8,Jaipur,2026,Winter,LC08_147042_20260217,17-02-2026,4.26,Started
Landsat8_Jaipur_2026_Summer_001,Landsat8,Jaipur,2026,Summer,LC08_147041_20260422,22-04-2026,0,Started
Landsat8_Jaipur_2026_Summer_002,Landsat8,Jaipur,2026,Summer,LC08_147041_20260609,09-06-2026,0,Started
Landsat8_Jaipur_2026_Summer_003,Landsat8,Jaipur,2026,Summer,LC08_147042_20260422,22-04-2026,0,Started
Landsat8_Lucknow_2025_Winter_001,Landsat8,Lucknow,2025,Winter,LC08_144042_20250209,09-02-2025,0.03,Started
Landsat8_Lucknow_2025_Winter_002,Landsat8,Lucknow,2025,Winter,LC08_143042_20250202,02-02-2025,0.06,Started
Landsat8_Lucknow_2025_Winter_003,Landsat8,Lucknow,2025,Winter,LC08_143041_20250202,02-02-2025,0.32,Started
Landsat8_Lucknow_2025_Summer_001,Landsat8,Lucknow,2025,Summer,LC08_143041_20250423,23-04-2025,0,Started
Landsat8_Lucknow_2025_Summer_002,Landsat8,Lucknow,2025,Summer,LC08_143042_20250423,23-04-2025,0,Started
Landsat8_Lucknow_2025_Summer_003,Landsat8,Lucknow,2025,Summer,LC08_143042_20250407,07-04-2025,0.07,Started
Landsat8_Lucknow_2025_PostMonsoon_001,Landsat8,Lucknow,2025,PostMonsoon,LC08_143041_20251117,17-11-2025,0.02,Started
Landsat8_Lucknow_2025_PostMonsoon_002,Landsat8,Lucknow,2025,PostMonsoon,LC08_143041_20251016,16-10-2025,0.07,Started
Landsat8_Lucknow_2025_PostMonsoon_003,Landsat8,Lucknow,2025,PostMonsoon,LC08_143042_20251203,03-12-2025,0.13,Started
Landsat8_Lucknow_2026_Winter_001,Landsat8,Lucknow,2026,Winter,LC08_143041_20260221,21-02-2026,0,Started
Landsat8_Lucknow_2026_Winter_002,Landsat8,Lucknow,2026,Winter,LC08_144042_20260111,11-01-2026,0,Started
Landsat8_Lucknow_2026_Winter_003,Landsat8,Lucknow,2026,Winter,LC08_143042_20260221,21-02-2026,0.05,Started
Landsat8_Lucknow_2026_Summer_001,Landsat8,Lucknow,2026,Summer,LC08_143042_20260426,26-04-2026,0,Started
Landsat8_Lucknow_2026_Summer_002,Landsat8,Lucknow,2026,Summer,LC08_144042_20260519,19-05-2026,0,Started
Landsat8_Lucknow_2026_Summer_003,Landsat8,Lucknow,2026,Summer,LC08_144041_20260519,19-05-2026,0.03,Started
Landsat8_Visakhapatnam_2025_Winter_001,Landsat8,Visakhapatnam,2025,Winter,LC08_141047_20250119,19-01-2025,0,Started
Landsat8_Visakhapatnam_2025_Winter_002,Landsat8,Visakhapatnam,2025,Winter,LC08_141048_20250119,19-01-2025,0.33,Started
Landsat8_Visakhapatnam_2025_Winter_003,Landsat8,Visakhapatnam,2025,Winter,LC08_141047_20250103,03-01-2025,0.49,Started
Landsat8_Visakhapatnam_2025_Summer_001,Landsat8,Visakhapatnam,2025,Summer,LC08_141047_20250511,11-05-2025,3.28,Started
Landsat8_Visakhapatnam_2025_Summer_002,Landsat8,Visakhapatnam,2025,Summer,LC08_141047_20250425,25-04-2025,4.37,Started
Landsat8_Visakhapatnam_2025_PostMonsoon_001,Landsat8,Visakhapatnam,2025,PostMonsoon,LC08_141047_20251119,19-11-2025,0,Started
Landsat8_Visakhapatnam_2025_PostMonsoon_002,Landsat8,Visakhapatnam,2025,PostMonsoon,LC08_141048_20251119,19-11-2025,0.17,Started
Landsat8_Visakhapatnam_2025_PostMonsoon_003,Landsat8,Visakhapatnam,2025,PostMonsoon,LC08_141047_20251205,05-12-2025,3.24,Started
Landsat8_Visakhapatnam_2026_Winter_001,Landsat8,Visakhapatnam,2026,Winter,LC08_141048_20260207,07-02-2026,0,Started
Landsat8_Visakhapatnam_2026_Winter_002,Landsat8,Visakhapatnam,2026,Winter,LC08_141047_20260122,22-01-2026,0.01,Started
Landsat8_Visakhapatnam_2026_Winter_003,Landsat8,Visakhapatnam,2026,Winter,LC08_141047_20260207,07-02-2026,0.01,Started
Landsat8_Visakhapatnam_2026_Summer_001,Landsat8,Visakhapatnam,2026,Summer,LC08_141048_20260412,12-04-2026,4.65,Started
Landsat9_Chennai_2025_Winter_001,Landsat9,Chennai,2025,Winter,LC09_142051_20250203,03-02-2025,3.98,Started
Landsat9_Chennai_2025_Winter_002,Landsat9,Chennai,2025,Winter,LC09_142051_20250219,19-02-2025,4.68,Started
Landsat9_Chennai_2025_Summer_001,Landsat9,Chennai,2025,Summer,LC09_142051_20250424,24-04-2025,3.76,Started
Landsat9_Chennai_2026_Summer_001,Landsat9,Chennai,2026,Summer,LC09_142051_20260427,27-04-2026,4.34,Started
Landsat9_Bengaluru_2025_Winter_001,Landsat9,Bengaluru,2025,Winter,LC09_144051_20250217,17-02-2025,0,Started
Landsat9_Bengaluru_2025_Summer_001,Landsat9,Bengaluru,2025,Summer,LC09_144051_20250422,22-04-2025,1.33,Started
Landsat9_Bengaluru_2026_Winter_001,Landsat9,Bengaluru,2026,Winter,LC09_144051_20260204,04-02-2026,0.06,Started
Landsat9_Bengaluru_2026_Winter_002,Landsat9,Bengaluru,2026,Winter,LC09_144051_20260119,19-01-2026,0.54,Started
Landsat9_Bengaluru_2026_Winter_003,Landsat9,Bengaluru,2026,Winter,LC09_144051_20260220,20-02-2026,0.8,Started
Landsat9_Hyderabad_2025_Winter_001,Landsat9,Hyderabad,2025,Winter,LC09_144048_20250217,17-02-2025,0,Started
Landsat9_Hyderabad_2025_Winter_002,Landsat9,Hyderabad,2025,Winter,LC09_144048_20250201,01-02-2025,1.35,Started
Landsat9_Hyderabad_2025_Summer_001,Landsat9,Hyderabad,2025,Summer,LC09_144048_20250422,22-04-2025,0.19,Started
Landsat9_Hyderabad_2025_Summer_002,Landsat9,Hyderabad,2025,Summer,LC09_144048_20250406,06-04-2025,4.31,Started
Landsat9_Hyderabad_2025_PostMonsoon_001,Landsat9,Hyderabad,2025,PostMonsoon,LC09_144048_20251116,16-11-2025,0.63,Started
Landsat9_Hyderabad_2026_Winter_001,Landsat9,Hyderabad,2026,Winter,LC09_144048_20260220,20-02-2026,0.02,Started
Landsat9_Hyderabad_2026_Winter_002,Landsat9,Hyderabad,2026,Winter,LC09_144048_20260119,19-01-2026,0.15,Started
Landsat9_Hyderabad_2026_Summer_001,Landsat9,Hyderabad,2026,Summer,LC09_144048_20260511,11-05-2026,0.18,Started
Landsat9_Hyderabad_2026_Summer_002,Landsat9,Hyderabad,2026,Summer,LC09_144048_20260409,09-04-2026,0.91,Started
Landsat9_Delhi_2025_Winter_001,Landsat9,Delhi,2025,Winter,LC09_147040_20250206,06-02-2025,0.03,Started
Landsat9_Delhi_2025_Winter_002,Landsat9,Delhi,2025,Winter,LC09_146040_20250130,30-01-2025,0.18,Started
Landsat9_Delhi_2025_Winter_003,Landsat9,Delhi,2025,Winter,LC09_147040_20250121,21-01-2025,0.42,Started
Landsat9_Delhi_2025_Summer_001,Landsat9,Delhi,2025,Summer,LC09_146040_20250404,04-04-2025,0.01,Started
Landsat9_Delhi_2025_Summer_002,Landsat9,Delhi,2025,Summer,LC09_147040_20250614,14-06-2025,0.47,Started
Landsat9_Delhi_2025_Summer_003,Landsat9,Delhi,2025,Summer,LC09_146040_20250420,20-04-2025,0.59,Started
Landsat9_Delhi_2025_PostMonsoon_001,Landsat9,Delhi,2025,PostMonsoon,LC09_146040_20251114,14-11-2025,0.15,Started
Landsat9_Delhi_2025_PostMonsoon_002,Landsat9,Delhi,2025,PostMonsoon,LC09_146040_20251013,13-10-2025,0.16,Started
Landsat9_Delhi_2025_PostMonsoon_003,Landsat9,Delhi,2025,PostMonsoon,LC09_147040_20251207,07-12-2025,0.55,Started
Landsat9_Delhi_2026_Winter_001,Landsat9,Delhi,2026,Winter,LC09_147040_20260225,25-02-2026,0.36,Started
Landsat9_Delhi_2026_Winter_002,Landsat9,Delhi,2026,Winter,LC09_147040_20260124,24-01-2026,0.66,Started
Landsat9_Delhi_2026_Summer_001,Landsat9,Delhi,2026,Summer,LC09_146040_20260423,23-04-2026,0,Started
Landsat9_Delhi_2026_Summer_002,Landsat9,Delhi,2026,Summer,LC09_147040_20260414,14-04-2026,0,Started
Landsat9_Delhi_2026_Summer_003,Landsat9,Delhi,2026,Summer,LC09_146040_20260525,25-05-2026,0.07,Started
Landsat9_Delhi_2026_Monsoon_001,Landsat9,Delhi,2026,Monsoon,LC09_146040_20260712,12-07-2026,3.91,Started
Landsat9_Mumbai_2025_Winter_001,Landsat9,Mumbai,2025,Winter,LC09_147047_20250222,22-02-2025,0,Started
Landsat9_Mumbai_2025_Winter_002,Landsat9,Mumbai,2025,Winter,LC09_148047_20250213,13-02-2025,0,Started
Landsat9_Mumbai_2025_Winter_003,Landsat9,Mumbai,2025,Winter,LC09_147047_20250206,06-02-2025,0.04,Started
Landsat9_Mumbai_2025_Summer_001,Landsat9,Mumbai,2025,Summer,LC09_147047_20250427,27-04-2025,0.24,Started
Landsat9_Mumbai_2025_Summer_002,Landsat9,Mumbai,2025,Summer,LC09_148047_20250418,18-04-2025,1.35,Started
Landsat9_Mumbai_2025_Summer_003,Landsat9,Mumbai,2025,Summer,LC09_147047_20250411,11-04-2025,2.26,Started
Landsat9_Mumbai_2025_PostMonsoon_001,Landsat9,Mumbai,2025,PostMonsoon,LC09_148047_20251112,12-11-2025,0,Started
Landsat9_Mumbai_2025_PostMonsoon_002,Landsat9,Mumbai,2025,PostMonsoon,LC09_148047_20251128,28-11-2025,0,Started
Landsat9_Mumbai_2025_PostMonsoon_003,Landsat9,Mumbai,2025,PostMonsoon,LC09_148047_20251214,14-12-2025,0,Started
Landsat9_Mumbai_2026_Winter_001,Landsat9,Mumbai,2026,Winter,LC09_148047_20260115,15-01-2026,0,Started
Landsat9_Mumbai_2026_Winter_002,Landsat9,Mumbai,2026,Winter,LC09_148047_20260216,16-02-2026,0,Started
Landsat9_Mumbai_2026_Winter_003,Landsat9,Mumbai,2026,Winter,LC09_147047_20260209,09-02-2026,0.02,Started
Landsat9_Mumbai_2026_Summer_001,Landsat9,Mumbai,2026,Summer,LC09_147047_20260414,14-04-2026,0,Started
Landsat9_Mumbai_2026_Summer_002,Landsat9,Mumbai,2026,Summer,LC09_147047_20260430,30-04-2026,0.07,Started
Landsat9_Mumbai_2026_Summer_003,Landsat9,Mumbai,2026,Summer,LC09_147047_20260516,16-05-2026,1.56,Started
Landsat9_Kolkata_2025_Winter_001,Landsat9,Kolkata,2025,Winter,LC09_138044_20250207,07-02-2025,0.02,Started
Landsat9_Kolkata_2025_Winter_002,Landsat9,Kolkata,2025,Winter,LC09_138045_20250207,07-02-2025,0.06,Started
Landsat9_Kolkata_2025_Winter_003,Landsat9,Kolkata,2025,Winter,LC09_138044_20250106,06-01-2025,2.96,Started
Landsat9_Kolkata_2025_PostMonsoon_001,Landsat9,Kolkata,2025,PostMonsoon,LC09_138045_20251122,22-11-2025,0,Started
Landsat9_Kolkata_2025_PostMonsoon_002,Landsat9,Kolkata,2025,PostMonsoon,LC09_138044_20251122,22-11-2025,0.02,Started
Landsat9_Kolkata_2025_PostMonsoon_003,Landsat9,Kolkata,2025,PostMonsoon,LC09_138044_20251106,06-11-2025,0.19,Started
Landsat9_Kolkata_2026_Winter_001,Landsat9,Kolkata,2026,Winter,LC09_138044_20260125,25-01-2026,0.01,Started
Landsat9_Kolkata_2026_Winter_002,Landsat9,Kolkata,2026,Winter,LC09_138045_20260210,10-02-2026,0.01,Started
Landsat9_Kolkata_2026_Winter_003,Landsat9,Kolkata,2026,Winter,LC09_138044_20260210,10-02-2026,0.02,Started
Landsat9_Ahmedabad_2025_Winter_001,Landsat9,Ahmedabad,2025,Winter,LC09_148044_20250213,13-02-2025,0.05,Started
Landsat9_Ahmedabad_2025_Winter_002,Landsat9,Ahmedabad,2025,Winter,LC09_148044_20250112,12-01-2025,0.06,Started
Landsat9_Ahmedabad_2025_Winter_003,Landsat9,Ahmedabad,2025,Winter,LC09_149044_20250103,03-01-2025,0.63,Started
Landsat9_Ahmedabad_2025_Summer_001,Landsat9,Ahmedabad,2025,Summer,LC09_148044_20250418,18-04-2025,0,Started
Landsat9_Ahmedabad_2025_Summer_002,Landsat9,Ahmedabad,2025,Summer,LC09_149044_20250409,09-04-2025,0,Started
Landsat9_Ahmedabad_2025_Summer_003,Landsat9,Ahmedabad,2025,Summer,LC09_149044_20250425,25-04-2025,0,Started
Landsat9_Ahmedabad_2025_PostMonsoon_001,Landsat9,Ahmedabad,2025,PostMonsoon,LC09_148044_20251128,28-11-2025,0.01,Started
Landsat9_Ahmedabad_2025_PostMonsoon_002,Landsat9,Ahmedabad,2025,PostMonsoon,LC09_148044_20251112,12-11-2025,0.02,Started
Landsat9_Ahmedabad_2025_PostMonsoon_003,Landsat9,Ahmedabad,2025,PostMonsoon,LC09_148044_20251011,11-10-2025,0.05,Started
Landsat9_Ahmedabad_2026_Winter_001,Landsat9,Ahmedabad,2026,Winter,LC09_148044_20260115,15-01-2026,0.09,Started
Landsat9_Ahmedabad_2026_Winter_002,Landsat9,Ahmedabad,2026,Winter,LC09_148044_20260216,16-02-2026,0.1,Started
Landsat9_Ahmedabad_2026_Winter_003,Landsat9,Ahmedabad,2026,Winter,LC09_149044_20260106,06-01-2026,0.56,Started
Landsat9_Ahmedabad_2026_Summer_001,Landsat9,Ahmedabad,2026,Summer,LC09_148044_20260507,07-05-2026,0,Started
Landsat9_Ahmedabad_2026_Summer_002,Landsat9,Ahmedabad,2026,Summer,LC09_149044_20260412,12-04-2026,0,Started
Landsat9_Ahmedabad_2026_Summer_003,Landsat9,Ahmedabad,2026,Summer,LC09_149044_20260428,28-04-2026,0,Started
Landsat9_Pune_2025_Winter_001,Landsat9,Pune,2025,Winter,LC09_147047_20250222,22-02-2025,0,Started
Landsat9_Pune_2025_Winter_002,Landsat9,Pune,2025,Winter,LC09_147047_20250206,06-02-2025,0.04,Started
Landsat9_Pune_2025_Winter_003,Landsat9,Pune,2025,Winter,LC09_147047_20250121,21-01-2025,0.05,Started
Landsat9_Pune_2025_Summer_001,Landsat9,Pune,2025,Summer,LC09_147047_20250427,27-04-2025,0.24,Started
Landsat9_Pune_2025_Summer_002,Landsat9,Pune,2025,Summer,LC09_147047_20250411,11-04-2025,2.26,Started
Landsat9_Pune_2025_PostMonsoon_001,Landsat9,Pune,2025,PostMonsoon,LC09_147047_20251121,21-11-2025,0.05,Started
Landsat9_Pune_2025_PostMonsoon_002,Landsat9,Pune,2025,PostMonsoon,LC09_147047_20251207,07-12-2025,2.91,Started
Landsat9_Pune_2026_Winter_001,Landsat9,Pune,2026,Winter,LC09_147047_20260209,09-02-2026,0.02,Started
Landsat9_Pune_2026_Winter_002,Landsat9,Pune,2026,Winter,LC09_147047_20260108,08-01-2026,0.03,Started
Landsat9_Pune_2026_Winter_003,Landsat9,Pune,2026,Winter,LC09_147047_20260225,25-02-2026,0.72,Started
Landsat9_Pune_2026_Summer_001,Landsat9,Pune,2026,Summer,LC09_147047_20260414,14-04-2026,0,Started
Landsat9_Pune_2026_Summer_002,Landsat9,Pune,2026,Summer,LC09_147047_20260430,30-04-2026,0.07,Started
Landsat9_Pune_2026_Summer_003,Landsat9,Pune,2026,Summer,LC09_147047_20260516,16-05-2026,1.56,Started
Landsat9_Jaipur_2025_Winter_001,Landsat9,Jaipur,2025,Winter,LC09_147041_20250121,21-01-2025,0.03,Started
Landsat9_Jaipur_2025_Winter_002,Landsat9,Jaipur,2025,Winter,LC09_147042_20250206,06-02-2025,0.04,Started
Landsat9_Jaipur_2025_Winter_003,Landsat9,Jaipur,2025,Winter,LC09_147042_20250222,22-02-2025,0.04,Started
Landsat9_Jaipur_2025_Summer_001,Landsat9,Jaipur,2025,Summer,LC09_147042_20250427,27-04-2025,0,Started
Landsat9_Jaipur_2025_Summer_002,Landsat9,Jaipur,2025,Summer,LC09_147041_20250614,14-06-2025,0.02,Started
Landsat9_Jaipur_2025_Summer_003,Landsat9,Jaipur,2025,Summer,LC09_147041_20250427,27-04-2025,0.62,Started
Landsat9_Jaipur_2025_PostMonsoon_001,Landsat9,Jaipur,2025,PostMonsoon,LC09_147042_20251105,05-11-2025,0.01,Started
Landsat9_Jaipur_2025_PostMonsoon_002,Landsat9,Jaipur,2025,PostMonsoon,LC09_147042_20251207,07-12-2025,0.07,Started
Landsat9_Jaipur_2025_PostMonsoon_003,Landsat9,Jaipur,2025,PostMonsoon,LC09_147041_20251105,05-11-2025,0.09,Started
Landsat9_Jaipur_2026_Winter_001,Landsat9,Jaipur,2026,Winter,LC09_147042_20260225,25-02-2026,0.04,Started
Landsat9_Jaipur_2026_Winter_002,Landsat9,Jaipur,2026,Winter,LC09_147041_20260124,24-01-2026,0.2,Started
Landsat9_Jaipur_2026_Winter_003,Landsat9,Jaipur,2026,Winter,LC09_147041_20260225,25-02-2026,0.53,Started
Landsat9_Jaipur_2026_Summer_001,Landsat9,Jaipur,2026,Summer,LC09_147041_20260414,14-04-2026,0,Started
Landsat9_Jaipur_2026_Summer_002,Landsat9,Jaipur,2026,Summer,LC09_147041_20260516,16-05-2026,0,Started
Landsat9_Jaipur_2026_Summer_003,Landsat9,Jaipur,2026,Summer,LC09_147042_20260414,14-04-2026,0,Started
Landsat9_Lucknow_2025_Winter_001,Landsat9,Lucknow,2025,Winter,LC09_144041_20250201,01-02-2025,0.03,Started
Landsat9_Lucknow_2025_Winter_002,Landsat9,Lucknow,2025,Winter,LC09_144041_20250217,17-02-2025,0.08,Started
Landsat9_Lucknow_2025_Winter_003,Landsat9,Lucknow,2025,Winter,LC09_144042_20250201,01-02-2025,0.09,Started
Landsat9_Lucknow_2025_Summer_001,Landsat9,Lucknow,2025,Summer,LC09_144041_20250406,06-04-2025,0,Started
Landsat9_Lucknow_2025_Summer_002,Landsat9,Lucknow,2025,Summer,LC09_144041_20250422,22-04-2025,0,Started
Landsat9_Lucknow_2025_Summer_003,Landsat9,Lucknow,2025,Summer,LC09_144042_20250406,06-04-2025,0,Started
Landsat9_Lucknow_2025_PostMonsoon_001,Landsat9,Lucknow,2025,PostMonsoon,LC09_144042_20251015,15-10-2025,0.05,Started
Landsat9_Lucknow_2025_PostMonsoon_002,Landsat9,Lucknow,2025,PostMonsoon,LC09_143041_20251109,09-11-2025,0.13,Started
Landsat9_Lucknow_2025_PostMonsoon_003,Landsat9,Lucknow,2025,PostMonsoon,LC09_143042_20251024,24-10-2025,0.14,Started
Landsat9_Lucknow_2026_Winter_001,Landsat9,Lucknow,2026,Winter,LC09_143042_20260112,12-01-2026,0.02,Started
Landsat9_Lucknow_2026_Winter_002,Landsat9,Lucknow,2026,Winter,LC09_144041_20260220,20-02-2026,0.12,Started
Landsat9_Lucknow_2026_Winter_003,Landsat9,Lucknow,2026,Winter,LC09_143041_20260112,12-01-2026,1.83,Started
Landsat9_Lucknow_2026_Summer_001,Landsat9,Lucknow,2026,Summer,LC09_143042_20260520,20-05-2026,0,Started
Landsat9_Lucknow_2026_Summer_002,Landsat9,Lucknow,2026,Summer,LC09_144042_20260511,11-05-2026,0,Started
Landsat9_Lucknow_2026_Summer_003,Landsat9,Lucknow,2026,Summer,LC09_144042_20260527,27-05-2026,0,Started
Landsat9_Visakhapatnam_2025_Winter_001,Landsat9,Visakhapatnam,2025,Winter,LC09_141048_20250212,12-02-2025,0.01,Started
Landsat9_Visakhapatnam_2025_Winter_002,Landsat9,Visakhapatnam,2025,Winter,LC09_141047_20250212,12-02-2025,0.29,Started
Landsat9_Visakhapatnam_2025_Winter_003,Landsat9,Visakhapatnam,2025,Winter,LC09_141047_20250111,11-01-2025,1.49,Started
Landsat9_Visakhapatnam_2025_Summer_001,Landsat9,Visakhapatnam,2025,Summer,LC09_141047_20250417,17-04-2025,0.11,Started
Landsat9_Visakhapatnam_2025_Summer_002,Landsat9,Visakhapatnam,2025,Summer,LC09_141047_20250401,01-04-2025,0.37,Started
Landsat9_Visakhapatnam_2025_Summer_003,Landsat9,Visakhapatnam,2025,Summer,LC09_141048_20250401,01-04-2025,0.42,Started
Landsat9_Visakhapatnam_2025_PostMonsoon_001,Landsat9,Visakhapatnam,2025,PostMonsoon,LC09_141047_20251213,13-12-2025,0,Started
Landsat9_Visakhapatnam_2025_PostMonsoon_002,Landsat9,Visakhapatnam,2025,PostMonsoon,LC09_141047_20251111,11-11-2025,0.9,Started
Landsat9_Visakhapatnam_2025_PostMonsoon_003,Landsat9,Visakhapatnam,2025,PostMonsoon,LC09_141048_20251213,13-12-2025,1.02,Started
Landsat9_Visakhapatnam_2026_Winter_001,Landsat9,Visakhapatnam,2026,Winter,LC09_141047_20260114,14-01-2026,0,Started
Landsat9_Visakhapatnam_2026_Winter_002,Landsat9,Visakhapatnam,2026,Winter,LC09_141048_20260215,15-02-2026,0.2,Started
Landsat9_Visakhapatnam_2026_Winter_003,Landsat9,Visakhapatnam,2026,Winter,LC09_141047_20260215,15-02-2026,0.61,Started
Landsat8_ChilikaLake_2023_Winter_001,Landsat8,ChilikaLake,2023,Winter,LC08_140047_20230107,07-01-2023,0,Started
Landsat8_ChilikaLake_2023_Winter_002,Landsat8,ChilikaLake,2023,Winter,LC08_140046_20230107,07-01-2023,0.01,Started
Landsat8_ChilikaLake_2023_Winter_003,Landsat8,ChilikaLake,2023,Winter,LC08_140046_20230208,08-02-2023,0.05,Started
Landsat8_ChilikaLake_2023_Summer_001,Landsat8,ChilikaLake,2023,Summer,LC08_140047_20230413,13-04-2023,0,Started
Landsat8_ChilikaLake_2023_Summer_002,Landsat8,ChilikaLake,2023,Summer,LC08_140046_20230413,13-04-2023,1.27,Started
Landsat8_ChilikaLake_2023_PostMonsoon_001,Landsat8,ChilikaLake,2023,PostMonsoon,LC08_140046_20231006,06-10-2023,3.44,Started
Landsat8_ChilikaLake_2024_Winter_001,Landsat8,ChilikaLake,2024,Winter,LC08_140047_20240211,11-02-2024,0.88,Started
Landsat8_ChilikaLake_2024_Winter_002,Landsat8,ChilikaLake,2024,Winter,LC08_140046_20240211,11-02-2024,1.24,Started
Landsat8_ChilikaLake_2024_Summer_001,Landsat8,ChilikaLake,2024,Summer,LC08_140047_20240415,15-04-2024,0.1,Started
Landsat8_ChilikaLake_2024_Summer_002,Landsat8,ChilikaLake,2024,Summer,LC08_140046_20240415,15-04-2024,3.21,Started
Landsat8_ChilikaLake_2024_PostMonsoon_001,Landsat8,ChilikaLake,2024,PostMonsoon,LC08_140047_20241109,09-11-2024,2.72,Started
Landsat8_ChilikaLake_2024_PostMonsoon_002,Landsat8,ChilikaLake,2024,PostMonsoon,LC08_140046_20241109,09-11-2024,3.06,Started
Landsat8_Sundarbans_2023_Winter_001,Landsat8,Sundarbans,2023,Winter,LC08_138045_20230226,26-02-2023,3.39,Started
Landsat8_Sundarbans_2023_Winter_002,Landsat8,Sundarbans,2023,Winter,LC08_138045_20230109,09-01-2023,3.57,Started
Landsat8_Sundarbans_2023_PostMonsoon_001,Landsat8,Sundarbans,2023,PostMonsoon,LC08_138045_20231211,11-12-2023,0.03,Started
Landsat8_Sundarbans_2023_PostMonsoon_002,Landsat8,Sundarbans,2023,PostMonsoon,LC08_138045_20231125,25-11-2023,0.06,Started
Landsat8_Sundarbans_2023_PostMonsoon_003,Landsat8,Sundarbans,2023,PostMonsoon,LC08_138045_20231109,09-11-2023,0.38,Started
Landsat8_Sundarbans_2024_Winter_001,Landsat8,Sundarbans,2024,Winter,LC08_138045_20240112,12-01-2024,3.26,Started
Landsat8_Sundarbans_2024_Summer_001,Landsat8,Sundarbans,2024,Summer,LC08_138045_20240401,01-04-2024,0.02,Started
Landsat8_Sundarbans_2024_Summer_002,Landsat8,Sundarbans,2024,Summer,LC08_138045_20240417,17-04-2024,3.45,Started
Landsat8_Sundarbans_2024_PostMonsoon_001,Landsat8,Sundarbans,2024,PostMonsoon,LC08_138045_20241213,13-12-2024,0.86,Started
Landsat8_VembanadLake_2023_Winter_001,Landsat8,VembanadLake,2023,Winter,LC08_144053_20230103,03-01-2023,1.28,Started
Landsat8_VembanadLake_2023_Winter_002,Landsat8,VembanadLake,2023,Winter,LC08_144054_20230119,19-01-2023,2.96,Started
Landsat8_VembanadLake_2024_Winter_001,Landsat8,VembanadLake,2024,Winter,LC08_144053_20240207,07-02-2024,0.62,Started
Landsat8_VembanadLake_2024_Winter_002,Landsat8,VembanadLake,2024,Winter,LC08_144053_20240122,22-01-2024,1.69,Started
Landsat8_VembanadLake_2024_Winter_003,Landsat8,VembanadLake,2024,Winter,LC08_144053_20240223,23-02-2024,4.88,Started
Landsat8_Brahmaputra_2023_Winter_001,Landsat8,Brahmaputra,2023,Winter,LC08_137042_20230102,02-01-2023,1.22,Started
Landsat8_Brahmaputra_2023_Winter_002,Landsat8,Brahmaputra,2023,Winter,LC08_137042_20230203,03-02-2023,1.22,Started
Landsat8_Brahmaputra_2023_Winter_003,Landsat8,Brahmaputra,2023,Winter,LC08_137042_20230219,19-02-2023,3.28,Started
Landsat8_Brahmaputra_2023_Summer_001,Landsat8,Brahmaputra,2023,Summer,LC08_136042_20230417,17-04-2023,4.42,Started
Landsat8_Brahmaputra_2023_PostMonsoon_001,Landsat8,Brahmaputra,2023,PostMonsoon,LC08_137042_20231102,02-11-2023,0.23,Started
Landsat8_Brahmaputra_2023_PostMonsoon_002,Landsat8,Brahmaputra,2023,PostMonsoon,LC08_137042_20231017,17-10-2023,0.69,Started
Landsat8_Brahmaputra_2023_PostMonsoon_003,Landsat8,Brahmaputra,2023,PostMonsoon,LC08_136042_20231127,27-11-2023,3.69,Started
Landsat8_Brahmaputra_2024_Winter_001,Landsat8,Brahmaputra,2024,Winter,LC08_137042_20240105,05-01-2024,2.45,Started
Landsat8_Brahmaputra_2024_PostMonsoon_001,Landsat8,Brahmaputra,2024,PostMonsoon,LC08_136042_20241129,29-11-2024,0.56,Started
Landsat8_Brahmaputra_2024_PostMonsoon_002,Landsat8,Brahmaputra,2024,PostMonsoon,LC08_137042_20241120,20-11-2024,1.04,Started
Landsat8_Narmada_2023_Winter_001,Landsat8,Narmada,2023,Winter,LC08_147045_20230209,09-02-2023,0,Started
Landsat8_Narmada_2023_Winter_002,Landsat8,Narmada,2023,Winter,LC08_148045_20230216,16-02-2023,0,Started
Landsat8_Narmada_2023_Winter_003,Landsat8,Narmada,2023,Winter,LC08_147045_20230225,25-02-2023,0.03,Started
Landsat8_Narmada_2023_Summer_001,Landsat8,Narmada,2023,Summer,LC08_147045_20230601,01-06-2023,0,Started
Landsat8_Narmada_2023_Summer_002,Landsat8,Narmada,2023,Summer,LC08_148044_20230421,21-04-2023,0.01,Started
Landsat8_Narmada_2023_Summer_003,Landsat8,Narmada,2023,Summer,LC08_148045_20230421,21-04-2023,0.02,Started
Landsat8_Narmada_2023_PostMonsoon_001,Landsat8,Narmada,2023,PostMonsoon,LC08_147045_20231210,10-12-2023,0,Started
Landsat8_Narmada_2023_PostMonsoon_002,Landsat8,Narmada,2023,PostMonsoon,LC08_148044_20231115,15-11-2023,0.07,Started
Landsat8_Narmada_2023_PostMonsoon_003,Landsat8,Narmada,2023,PostMonsoon,LC08_148045_20231115,15-11-2023,0.22,Started
Landsat8_Narmada_2024_Winter_001,Landsat8,Narmada,2024,Winter,LC08_148044_20240203,03-02-2024,0.03,Started
Landsat8_Narmada_2024_Winter_002,Landsat8,Narmada,2024,Winter,LC08_148045_20240118,18-01-2024,0.41,Started
Landsat8_Narmada_2024_Winter_003,Landsat8,Narmada,2024,Winter,LC08_148045_20240203,03-02-2024,0.43,Started
Landsat8_Narmada_2024_Summer_001,Landsat8,Narmada,2024,Summer,LC08_148044_20240423,23-04-2024,0,Started
Landsat8_Narmada_2024_Summer_002,Landsat8,Narmada,2024,Summer,LC08_148044_20240407,07-04-2024,0.01,Started
Landsat8_Narmada_2024_Summer_003,Landsat8,Narmada,2024,Summer,LC08_148045_20240423,23-04-2024,0.06,Started
Landsat8_Narmada_2024_PostMonsoon_001,Landsat8,Narmada,2024,PostMonsoon,LC08_148044_20241101,01-11-2024,0,Started
Landsat8_Narmada_2024_PostMonsoon_002,Landsat8,Narmada,2024,PostMonsoon,LC08_148045_20241101,01-11-2024,0,Started
Landsat8_Narmada_2024_PostMonsoon_003,Landsat8,Narmada,2024,PostMonsoon,LC08_147045_20241110,10-11-2024,0.01,Started
Landsat8_TharDesert_2023_Winter_001,Landsat8,TharDesert,2023,Winter,LC08_150042_20230214,14-02-2023,0.47,Started
Landsat8_TharDesert_2023_Winter_002,Landsat8,TharDesert,2023,Winter,LC08_150041_20230214,14-02-2023,1.03,Started
Landsat8_TharDesert_2023_Summer_001,Landsat8,TharDesert,2023,Summer,LC08_150041_20230505,05-05-2023,0,Started
Landsat8_TharDesert_2023_Summer_002,Landsat8,TharDesert,2023,Summer,LC08_150041_20230521,21-05-2023,0,Started
Landsat8_TharDesert_2023_Summer_003,Landsat8,TharDesert,2023,Summer,LC08_150042_20230505,05-05-2023,0,Started
Landsat8_TharDesert_2023_Monsoon_001,Landsat8,TharDesert,2023,Monsoon,LC08_150041_20230910,10-09-2023,0,Started
Landsat8_TharDesert_2023_Monsoon_002,Landsat8,TharDesert,2023,Monsoon,LC08_150042_20230910,10-09-2023,0.02,Started
Landsat8_TharDesert_2023_PostMonsoon_001,Landsat8,TharDesert,2023,PostMonsoon,LC08_150042_20231012,12-10-2023,0.01,Started
Landsat8_TharDesert_2023_PostMonsoon_002,Landsat8,TharDesert,2023,PostMonsoon,LC08_150041_20231012,12-10-2023,0.08,Started
Landsat8_TharDesert_2023_PostMonsoon_003,Landsat8,TharDesert,2023,PostMonsoon,LC08_150042_20231129,29-11-2023,0.08,Started
Landsat8_TharDesert_2024_Winter_001,Landsat8,TharDesert,2024,Winter,LC08_150042_20240217,17-02-2024,0.06,Started
Landsat8_TharDesert_2024_Winter_002,Landsat8,TharDesert,2024,Winter,LC08_150041_20240201,01-02-2024,0.15,Started
Landsat8_TharDesert_2024_Winter_003,Landsat8,TharDesert,2024,Winter,LC08_150041_20240217,17-02-2024,0.57,Started
Landsat8_TharDesert_2024_Summer_001,Landsat8,TharDesert,2024,Summer,LC08_150041_20240523,23-05-2024,0,Started
Landsat8_TharDesert_2024_Summer_002,Landsat8,TharDesert,2024,Summer,LC08_150042_20240523,23-05-2024,0,Started
Landsat8_TharDesert_2024_Summer_003,Landsat8,TharDesert,2024,Summer,LC08_150041_20240421,21-04-2024,0.62,Started
Landsat8_TharDesert_2024_Monsoon_001,Landsat8,TharDesert,2024,Monsoon,LC08_150041_20240912,12-09-2024,0,Started
Landsat8_TharDesert_2024_Monsoon_002,Landsat8,TharDesert,2024,Monsoon,LC08_150042_20240912,12-09-2024,2.91,Started
Landsat8_TharDesert_2024_PostMonsoon_001,Landsat8,TharDesert,2024,PostMonsoon,LC08_150041_20241030,30-10-2024,0,Started
Landsat8_TharDesert_2024_PostMonsoon_002,Landsat8,TharDesert,2024,PostMonsoon,LC08_150042_20241030,30-10-2024,0,Started
Landsat8_TharDesert_2024_PostMonsoon_003,Landsat8,TharDesert,2024,PostMonsoon,LC08_150042_20241115,15-11-2024,0.13,Started
Landsat8_LittleRann_2023_Winter_001,Landsat8,LittleRann,2023,Winter,LC08_149044_20230207,07-02-2023,0.24,Started
Landsat8_LittleRann_2023_Winter_002,Landsat8,LittleRann,2023,Winter,LC08_149044_20230122,22-01-2023,0.71,Started
Landsat8_LittleRann_2023_Winter_003,Landsat8,LittleRann,2023,Winter,LC08_149044_20230106,06-01-2023,0.8,Started
Landsat8_LittleRann_2023_Summer_001,Landsat8,LittleRann,2023,Summer,LC08_149044_20230514,14-05-2023,0,Started
Landsat8_LittleRann_2023_PostMonsoon_001,Landsat8,LittleRann,2023,PostMonsoon,LC08_149044_20231005,05-10-2023,0,Started
Landsat8_LittleRann_2023_PostMonsoon_002,Landsat8,LittleRann,2023,PostMonsoon,LC08_149044_20231021,21-10-2023,0,Started
Landsat8_LittleRann_2023_PostMonsoon_003,Landsat8,LittleRann,2023,PostMonsoon,LC08_149044_20231122,22-11-2023,0.19,Started
Landsat8_LittleRann_2024_Winter_001,Landsat8,LittleRann,2024,Winter,LC08_149044_20240210,10-02-2024,0.27,Started
Landsat8_LittleRann_2024_Summer_001,Landsat8,LittleRann,2024,Summer,LC08_149044_20240430,30-04-2024,0.55,Started
Landsat8_LittleRann_2024_PostMonsoon_001,Landsat8,LittleRann,2024,PostMonsoon,LC08_149044_20241108,08-11-2024,0,Started
Landsat8_LittleRann_2024_PostMonsoon_002,Landsat8,LittleRann,2024,PostMonsoon,LC08_149044_20241023,23-10-2024,0.01,Started
Landsat8_LittleRann_2024_PostMonsoon_003,Landsat8,LittleRann,2024,PostMonsoon,LC08_149044_20241007,07-10-2024,0.2,Started
Landsat8_Kutch_2023_Winter_001,Landsat8,Kutch,2023,Winter,LC08_151043_20230205,05-02-2023,0.34,Started
Landsat8_Kutch_2023_Winter_002,Landsat8,Kutch,2023,Winter,LC08_150044_20230214,14-02-2023,1.24,Started
Landsat8_Kutch_2023_Winter_003,Landsat8,Kutch,2023,Winter,LC08_151043_20230104,04-01-2023,1.51,Started
Landsat8_Kutch_2023_Summer_001,Landsat8,Kutch,2023,Summer,LC08_150043_20230505,05-05-2023,0,Started
Landsat8_Kutch_2023_Summer_002,Landsat8,Kutch,2023,Summer,LC08_150043_20230521,21-05-2023,0,Started
Landsat8_Kutch_2023_Summer_003,Landsat8,Kutch,2023,Summer,LC08_151043_20230512,12-05-2023,0,Started
Landsat8_Kutch_2023_PostMonsoon_001,Landsat8,Kutch,2023,PostMonsoon,LC08_151043_20231003,03-10-2023,0,Started
Landsat8_Kutch_2023_PostMonsoon_002,Landsat8,Kutch,2023,PostMonsoon,LC08_151043_20231019,19-10-2023,0.43,Started
Landsat8_Kutch_2023_PostMonsoon_003,Landsat8,Kutch,2023,PostMonsoon,LC08_151044_20231019,19-10-2023,0.56,Started
Landsat8_Kutch_2024_Winter_001,Landsat8,Kutch,2024,Winter,LC08_151044_20240224,24-02-2024,0.14,Started
Landsat8_Kutch_2024_Winter_002,Landsat8,Kutch,2024,Winter,LC08_151043_20240224,24-02-2024,0.16,Started
Landsat8_Kutch_2024_Winter_003,Landsat8,Kutch,2024,Winter,LC08_150043_20240217,17-02-2024,3.2,Started
Landsat8_Kutch_2024_Summer_001,Landsat8,Kutch,2024,Summer,LC08_150043_20240523,23-05-2024,0,Started
Landsat8_Kutch_2024_Summer_002,Landsat8,Kutch,2024,Summer,LC08_150044_20240523,23-05-2024,0.01,Started
Landsat8_Kutch_2024_Summer_003,Landsat8,Kutch,2024,Summer,LC08_151043_20240412,12-04-2024,0.08,Started
Landsat8_Kutch_2024_PostMonsoon_001,Landsat8,Kutch,2024,PostMonsoon,LC08_150043_20241030,30-10-2024,0,Started
Landsat8_Kutch_2024_PostMonsoon_002,Landsat8,Kutch,2024,PostMonsoon,LC08_150044_20241030,30-10-2024,0,Started
Landsat8_Kutch_2024_PostMonsoon_003,Landsat8,Kutch,2024,PostMonsoon,LC08_151043_20241106,06-11-2024,0,Started
Landsat8_Himalayas_2023_Winter_001,Landsat8,Himalayas,2023,Winter,LC08_147039_20230225,25-02-2023,0.01,Started
Landsat8_Himalayas_2023_Winter_002,Landsat8,Himalayas,2023,Winter,LC08_147038_20230225,25-02-2023,1.7,Started
Landsat8_Himalayas_2023_Summer_001,Landsat8,Himalayas,2023,Summer,LC08_147039_20230414,14-04-2023,0.24,Started
Landsat8_Himalayas_2023_Summer_002,Landsat8,Himalayas,2023,Summer,LC08_147038_20230414,14-04-2023,3.89,Started
Landsat8_Himalayas_2023_Monsoon_001,Landsat8,Himalayas,2023,Monsoon,LC08_147039_20230905,05-09-2023,1.26,Started
Landsat8_Himalayas_2023_PostMonsoon_001,Landsat8,Himalayas,2023,PostMonsoon,LC08_147039_20231124,24-11-2023,0.01,Started
Landsat8_Himalayas_2023_PostMonsoon_002,Landsat8,Himalayas,2023,PostMonsoon,LC08_147039_20231108,08-11-2023,0.03,Started
Landsat8_Himalayas_2023_PostMonsoon_003,Landsat8,Himalayas,2023,PostMonsoon,LC08_147039_20231007,07-10-2023,0.05,Started
Landsat8_Himalayas_2024_Summer_001,Landsat8,Himalayas,2024,Summer,LC08_147039_20240502,02-05-2024,0.01,Started
Landsat8_Himalayas_2024_Summer_002,Landsat8,Himalayas,2024,Summer,LC08_147039_20240518,18-05-2024,0.13,Started
Landsat8_Himalayas_2024_Summer_003,Landsat8,Himalayas,2024,Summer,LC08_147039_20240603,03-06-2024,0.39,Started
Landsat8_Himalayas_2024_PostMonsoon_001,Landsat8,Himalayas,2024,PostMonsoon,LC08_147039_20241025,25-10-2024,0.02,Started
Landsat8_Himalayas_2024_PostMonsoon_002,Landsat8,Himalayas,2024,PostMonsoon,LC08_147039_20241212,12-12-2024,0.02,Started
Landsat8_Himalayas_2024_PostMonsoon_003,Landsat8,Himalayas,2024,PostMonsoon,LC08_147039_20241110,10-11-2024,0.05,Started
Landsat8_Ladakh_2023_Winter_001,Landsat8,Ladakh,2023,Winter,LC08_147037_20230225,25-02-2023,2.2,Started
Landsat8_Ladakh_2023_Winter_002,Landsat8,Ladakh,2023,Winter,LC08_147036_20230225,25-02-2023,3.93,Started
Landsat8_Ladakh_2023_Summer_001,Landsat8,Ladakh,2023,Summer,LC08_147036_20230414,14-04-2023,4.04,Started
Landsat8_Ladakh_2023_Summer_002,Landsat8,Ladakh,2023,Summer,LC08_147037_20230414,14-04-2023,4.65,Started
Landsat8_Ladakh_2023_PostMonsoon_001,Landsat8,Ladakh,2023,PostMonsoon,LC08_147037_20231124,24-11-2023,1,Started
Landsat8_Ladakh_2023_PostMonsoon_002,Landsat8,Ladakh,2023,PostMonsoon,LC08_147037_20231210,10-12-2023,2.32,Started
Landsat8_Ladakh_2024_Winter_001,Landsat8,Ladakh,2024,Winter,LC08_147037_20240111,11-01-2024,0.98,Started
Landsat8_Ladakh_2024_Winter_002,Landsat8,Ladakh,2024,Winter,LC08_147036_20240111,11-01-2024,1.64,Started
Landsat8_Ladakh_2024_Winter_003,Landsat8,Ladakh,2024,Winter,LC08_147037_20240127,27-01-2024,2.57,Started
Landsat8_Ladakh_2024_Summer_001,Landsat8,Ladakh,2024,Summer,LC08_147037_20240502,02-05-2024,4.3,Started
Landsat8_Ladakh_2024_Monsoon_001,Landsat8,Ladakh,2024,Monsoon,LC08_147037_20240822,22-08-2024,3.59,Started
Landsat8_Ladakh_2024_PostMonsoon_001,Landsat8,Ladakh,2024,PostMonsoon,LC08_147037_20241025,25-10-2024,0.49,Started
Landsat8_Ladakh_2024_PostMonsoon_002,Landsat8,Ladakh,2024,PostMonsoon,LC08_147037_20241110,10-11-2024,1.4,Started
Landsat8_Kashmir_2023_Winter_001,Landsat8,Kashmir,2023,Winter,LC08_149036_20230223,23-02-2023,1.46,Started
Landsat8_Kashmir_2023_Winter_002,Landsat8,Kashmir,2023,Winter,LC08_149037_20230223,23-02-2023,1.93,Started
Landsat8_Kashmir_2023_Winter_003,Landsat8,Kashmir,2023,Winter,LC08_149036_20230207,07-02-2023,4.79,Started
Landsat8_Kashmir_2023_Summer_001,Landsat8,Kashmir,2023,Summer,LC08_149037_20230412,12-04-2023,1.2,Started
Landsat8_Kashmir_2023_PostMonsoon_001,Landsat8,Kashmir,2023,PostMonsoon,LC08_149037_20231005,05-10-2023,0.16,Started
Landsat8_Kashmir_2023_PostMonsoon_002,Landsat8,Kashmir,2023,PostMonsoon,LC08_149037_20231021,21-10-2023,1.38,Started
Landsat8_Kashmir_2024_Winter_001,Landsat8,Kashmir,2024,Winter,LC08_149036_20240210,10-02-2024,0.77,Started
Landsat8_Kashmir_2024_Winter_002,Landsat8,Kashmir,2024,Winter,LC08_149037_20240210,10-02-2024,1.61,Started
Landsat8_Kashmir_2024_Summer_001,Landsat8,Kashmir,2024,Summer,LC08_149037_20240516,16-05-2024,1.43,Started
Landsat8_Kashmir_2024_Summer_002,Landsat8,Kashmir,2024,Summer,LC08_149036_20240516,16-05-2024,4.19,Started
Landsat8_Kashmir_2024_PostMonsoon_001,Landsat8,Kashmir,2024,PostMonsoon,LC08_149037_20241007,07-10-2024,0.25,Started
Landsat8_Kashmir_2024_PostMonsoon_002,Landsat8,Kashmir,2024,PostMonsoon,LC08_149037_20241108,08-11-2024,1.19,Started
Landsat8_Sikkim_2023_Winter_001,Landsat8,Sikkim,2023,Winter,LC08_139041_20230201,01-02-2023,3.36,Started
Landsat8_Sikkim_2023_Winter_002,Landsat8,Sikkim,2023,Winter,LC08_139041_20230217,17-02-2023,4,Started
Landsat8_Sikkim_2023_Winter_003,Landsat8,Sikkim,2023,Winter,LC08_139041_20230116,16-01-2023,4.78,Started
Landsat8_Sikkim_2023_PostMonsoon_001,Landsat8,Sikkim,2023,PostMonsoon,LC08_139041_20231116,16-11-2023,2.48,Started
Landsat9_ChilikaLake_2023_Winter_001,Landsat9,ChilikaLake,2023,Winter,LC09_140046_20230216,16-02-2023,0.54,Started
Landsat9_ChilikaLake_2023_Winter_002,Landsat9,ChilikaLake,2023,Winter,LC09_140047_20230216,16-02-2023,0.66,Started
Landsat9_ChilikaLake_2023_Winter_003,Landsat9,ChilikaLake,2023,Winter,LC09_140046_20230115,15-01-2023,0.82,Started
Landsat9_ChilikaLake_2023_Summer_001,Landsat9,ChilikaLake,2023,Summer,LC09_140046_20230405,05-04-2023,1.17,Started
Landsat9_ChilikaLake_2023_PostMonsoon_001,Landsat9,ChilikaLake,2023,PostMonsoon,LC09_140047_20231014,14-10-2023,0.82,Started
Landsat9_ChilikaLake_2023_PostMonsoon_002,Landsat9,ChilikaLake,2023,PostMonsoon,LC09_140046_20231201,01-12-2023,1,Started
Landsat9_ChilikaLake_2023_PostMonsoon_003,Landsat9,ChilikaLake,2023,PostMonsoon,LC09_140046_20231030,30-10-2023,1.1,Started
Landsat9_ChilikaLake_2024_Winter_001,Landsat9,ChilikaLake,2024,Winter,LC09_140046_20240102,02-01-2024,1.66,Started
Landsat9_ChilikaLake_2024_Winter_002,Landsat9,ChilikaLake,2024,Winter,LC09_140047_20240118,18-01-2024,3.52,Started
Landsat9_ChilikaLake_2024_Summer_001,Landsat9,ChilikaLake,2024,Summer,LC09_140047_20240423,23-04-2024,0.91,Started
Landsat9_ChilikaLake_2024_Summer_002,Landsat9,ChilikaLake,2024,Summer,LC09_140047_20240610,10-06-2024,2.04,Started
Landsat9_ChilikaLake_2024_PostMonsoon_001,Landsat9,ChilikaLake,2024,PostMonsoon,LC09_140046_20241117,17-11-2024,0,Started
Landsat9_ChilikaLake_2024_PostMonsoon_002,Landsat9,ChilikaLake,2024,PostMonsoon,LC09_140047_20241117,17-11-2024,0.01,Started
Landsat9_Sundarbans_2023_Summer_001,Landsat9,Sundarbans,2023,Summer,LC09_138045_20230407,07-04-2023,1.15,Started
Landsat9_Sundarbans_2023_PostMonsoon_001,Landsat9,Sundarbans,2023,PostMonsoon,LC09_138045_20231016,16-10-2023,0.19,Started
Landsat9_Sundarbans_2023_PostMonsoon_002,Landsat9,Sundarbans,2023,PostMonsoon,LC09_138045_20231101,01-11-2023,0.24,Started
Landsat9_Sundarbans_2024_Winter_001,Landsat9,Sundarbans,2024,Winter,LC09_138045_20240104,04-01-2024,0.08,Started
Landsat9_Sundarbans_2024_Summer_001,Landsat9,Sundarbans,2024,Summer,LC09_138045_20240425,25-04-2024,1.09,Started
Landsat9_Sundarbans_2024_PostMonsoon_001,Landsat9,Sundarbans,2024,PostMonsoon,LC09_138045_20241205,05-12-2024,0,Started
Landsat9_Sundarbans_2024_PostMonsoon_002,Landsat9,Sundarbans,2024,PostMonsoon,LC09_138045_20241119,19-11-2024,0.28,Started
Landsat9_Sundarbans_2024_PostMonsoon_003,Landsat9,Sundarbans,2024,PostMonsoon,LC09_138045_20241103,03-11-2024,1.24,Started
Landsat9_VembanadLake_2023_Winter_001,Landsat9,VembanadLake,2023,Winter,LC09_144053_20230111,11-01-2023,1.65,Started
Landsat9_VembanadLake_2023_Winter_002,Landsat9,VembanadLake,2023,Winter,LC09_144053_20230212,12-02-2023,2.24,Started
Landsat9_VembanadLake_2024_Winter_001,Landsat9,VembanadLake,2024,Winter,LC09_144053_20240114,14-01-2024,0.69,Started
Landsat9_VembanadLake_2024_Winter_002,Landsat9,VembanadLake,2024,Winter,LC09_144053_20240215,15-02-2024,3.78,Started
Landsat9_Brahmaputra_2023_Winter_001,Landsat9,Brahmaputra,2023,Winter,LC09_136042_20230103,03-01-2023,0.01,Started
Landsat9_Brahmaputra_2023_Winter_002,Landsat9,Brahmaputra,2023,Winter,LC09_137042_20230110,10-01-2023,0.02,Started
Landsat9_Brahmaputra_2023_Winter_003,Landsat9,Brahmaputra,2023,Winter,LC09_137042_20230126,26-01-2023,0.07,Started
Landsat9_Brahmaputra_2023_Summer_001,Landsat9,Brahmaputra,2023,Summer,LC09_136042_20230511,11-05-2023,2.79,Started
Landsat9_Brahmaputra_2023_PostMonsoon_001,Landsat9,Brahmaputra,2023,PostMonsoon,LC09_137042_20231126,26-11-2023,0.03,Started
Landsat9_Brahmaputra_2023_PostMonsoon_002,Landsat9,Brahmaputra,2023,PostMonsoon,LC09_137042_20231110,10-11-2023,0.32,Started
Landsat9_Brahmaputra_2024_Winter_001,Landsat9,Brahmaputra,2024,Winter,LC09_137042_20240129,29-01-2024,0.44,Started
Landsat9_Brahmaputra_2024_Winter_002,Landsat9,Brahmaputra,2024,Winter,LC09_136042_20240106,06-01-2024,0.87,Started
Landsat9_Brahmaputra_2024_Summer_001,Landsat9,Brahmaputra,2024,Summer,LC09_137042_20240520,20-05-2024,3.01,Started
Landsat9_Brahmaputra_2024_PostMonsoon_001,Landsat9,Brahmaputra,2024,PostMonsoon,LC09_137042_20241214,14-12-2024,2.24,Started
Landsat9_Brahmaputra_2024_PostMonsoon_002,Landsat9,Brahmaputra,2024,PostMonsoon,LC09_137042_20241112,12-11-2024,3.44,Started
Landsat9_Narmada_2023_Winter_001,Landsat9,Narmada,2023,Winter,LC09_147045_20230217,17-02-2023,0,Started
Landsat9_Narmada_2023_Winter_002,Landsat9,Narmada,2023,Winter,LC09_148045_20230224,24-02-2023,0.01,Started
Landsat9_Narmada_2023_Winter_003,Landsat9,Narmada,2023,Winter,LC09_148045_20230208,08-02-2023,0.02,Started
Landsat9_Narmada_2023_Summer_001,Landsat9,Narmada,2023,Summer,LC09_148044_20230531,31-05-2023,0,Started
Landsat9_Narmada_2023_Summer_002,Landsat9,Narmada,2023,Summer,LC09_147045_20230524,24-05-2023,0.08,Started
Landsat9_Narmada_2023_Summer_003,Landsat9,Narmada,2023,Summer,LC09_148045_20230531,31-05-2023,0.16,Started
Landsat9_Narmada_2023_PostMonsoon_001,Landsat9,Narmada,2023,PostMonsoon,LC09_148044_20231107,07-11-2023,0.04,Started
Landsat9_Narmada_2023_PostMonsoon_002,Landsat9,Narmada,2023,PostMonsoon,LC09_147045_20231116,16-11-2023,0.06,Started
Landsat9_Narmada_2023_PostMonsoon_003,Landsat9,Narmada,2023,PostMonsoon,LC09_148044_20231209,09-12-2023,0.06,Started
Landsat9_Narmada_2024_Winter_001,Landsat9,Narmada,2024,Winter,LC09_147045_20240220,20-02-2024,0,Started
Landsat9_Narmada_2024_Winter_002,Landsat9,Narmada,2024,Winter,LC09_147045_20240204,04-02-2024,0.03,Started
Landsat9_Narmada_2024_Winter_003,Landsat9,Narmada,2024,Winter,LC09_148045_20240227,27-02-2024,2.46,Started
Landsat9_Narmada_2024_Summer_001,Landsat9,Narmada,2024,Summer,LC09_147045_20240408,08-04-2024,0,Started
Landsat9_Narmada_2024_Summer_002,Landsat9,Narmada,2024,Summer,LC09_148044_20240501,01-05-2024,0,Started
Landsat9_Narmada_2024_Summer_003,Landsat9,Narmada,2024,Summer,LC09_148045_20240501,01-05-2024,0,Started
Landsat9_Narmada_2024_PostMonsoon_001,Landsat9,Narmada,2024,PostMonsoon,LC09_148044_20241024,24-10-2024,0,Started
Landsat9_Narmada_2024_PostMonsoon_002,Landsat9,Narmada,2024,PostMonsoon,LC09_148044_20241109,09-11-2024,0,Started
Landsat9_Narmada_2024_PostMonsoon_003,Landsat9,Narmada,2024,PostMonsoon,LC09_147045_20241102,02-11-2024,0.01,Started
Landsat9_TharDesert_2023_Winter_001,Landsat9,TharDesert,2023,Winter,LC09_150042_20230105,05-01-2023,0.06,Started
Landsat9_TharDesert_2023_Winter_002,Landsat9,TharDesert,2023,Winter,LC09_150041_20230105,05-01-2023,0.08,Started
Landsat9_TharDesert_2023_Winter_003,Landsat9,TharDesert,2023,Winter,LC09_150042_20230206,06-02-2023,0.08,Started
Landsat9_TharDesert_2023_Summer_001,Landsat9,TharDesert,2023,Summer,LC09_150042_20230513,13-05-2023,0,Started
Landsat9_TharDesert_2023_Summer_002,Landsat9,TharDesert,2023,Summer,LC09_150041_20230614,14-06-2023,2.47,Started
Landsat9_TharDesert_2023_Monsoon_001,Landsat9,TharDesert,2023,Monsoon,LC09_150041_20230902,02-09-2023,0,Started
Landsat9_TharDesert_2023_Monsoon_002,Landsat9,TharDesert,2023,Monsoon,LC09_150042_20230902,02-09-2023,0,Started
Landsat9_TharDesert_2023_PostMonsoon_001,Landsat9,TharDesert,2023,PostMonsoon,LC09_150041_20231004,04-10-2023,0,Started
Landsat9_TharDesert_2023_PostMonsoon_002,Landsat9,TharDesert,2023,PostMonsoon,LC09_150042_20231004,04-10-2023,0,Started
Landsat9_TharDesert_2023_PostMonsoon_003,Landsat9,TharDesert,2023,PostMonsoon,LC09_150042_20231105,05-11-2023,0.01,Started
Landsat9_TharDesert_2024_Winter_001,Landsat9,TharDesert,2024,Winter,LC09_150041_20240209,09-02-2024,0.03,Started
Landsat9_TharDesert_2024_Winter_002,Landsat9,TharDesert,2024,Winter,LC09_150042_20240209,09-02-2024,0.03,Started
Landsat9_TharDesert_2024_Winter_003,Landsat9,TharDesert,2024,Winter,LC09_150042_20240124,24-01-2024,1.39,Started
Landsat9_TharDesert_2024_Summer_001,Landsat9,TharDesert,2024,Summer,LC09_150041_20240515,15-05-2024,0,Started
Landsat9_TharDesert_2024_Summer_002,Landsat9,TharDesert,2024,Summer,LC09_150041_20240531,31-05-2024,0,Started
Landsat9_TharDesert_2024_Summer_003,Landsat9,TharDesert,2024,Summer,LC09_150042_20240429,29-04-2024,0,Started
Landsat9_TharDesert_2024_PostMonsoon_001,Landsat9,TharDesert,2024,PostMonsoon,LC09_150041_20241107,07-11-2024,0,Started
Landsat9_TharDesert_2024_PostMonsoon_002,Landsat9,TharDesert,2024,PostMonsoon,LC09_150042_20241022,22-10-2024,0,Started
Landsat9_TharDesert_2024_PostMonsoon_003,Landsat9,TharDesert,2024,PostMonsoon,LC09_150042_20241107,07-11-2024,0,Started
Landsat9_LittleRann_2023_Winter_001,Landsat9,LittleRann,2023,Winter,LC09_149044_20230215,15-02-2023,0.01,Started
Landsat9_LittleRann_2023_Winter_002,Landsat9,LittleRann,2023,Winter,LC09_149044_20230130,30-01-2023,0.5,Started
Landsat9_LittleRann_2023_Winter_003,Landsat9,LittleRann,2023,Winter,LC09_149044_20230114,14-01-2023,3.9,Started
Landsat9_LittleRann_2023_Summer_001,Landsat9,LittleRann,2023,Summer,LC09_149044_20230522,22-05-2023,0,Started
Landsat9_LittleRann_2023_Summer_002,Landsat9,LittleRann,2023,Summer,LC09_149044_20230607,07-06-2023,2.04,Started
Landsat9_LittleRann_2023_PostMonsoon_001,Landsat9,LittleRann,2023,PostMonsoon,LC09_149044_20231029,29-10-2023,0.01,Started
Landsat9_LittleRann_2023_PostMonsoon_002,Landsat9,LittleRann,2023,PostMonsoon,LC09_149044_20231013,13-10-2023,0.02,Started
Landsat9_LittleRann_2023_PostMonsoon_003,Landsat9,LittleRann,2023,PostMonsoon,LC09_149044_20231130,30-11-2023,0.05,Started
Landsat9_LittleRann_2024_Winter_001,Landsat9,LittleRann,2024,Winter,LC09_149044_20240218,18-02-2024,0.02,Started
Landsat9_LittleRann_2024_Winter_002,Landsat9,LittleRann,2024,Winter,LC09_149044_20240202,02-02-2024,1.87,Started
Landsat9_LittleRann_2024_Winter_003,Landsat9,LittleRann,2024,Winter,LC09_149044_20240117,17-01-2024,2.72,Started
Landsat9_LittleRann_2024_Summer_001,Landsat9,LittleRann,2024,Summer,LC09_149044_20240524,24-05-2024,0,Started
Landsat9_LittleRann_2024_Summer_002,Landsat9,LittleRann,2024,Summer,LC09_149044_20240422,22-04-2024,0.04,Started
Landsat9_LittleRann_2024_Summer_003,Landsat9,LittleRann,2024,Summer,LC09_149044_20240508,08-05-2024,0.12,Started
Landsat9_LittleRann_2024_PostMonsoon_001,Landsat9,LittleRann,2024,PostMonsoon,LC09_149044_20241031,31-10-2024,0,Started
Landsat9_LittleRann_2024_PostMonsoon_002,Landsat9,LittleRann,2024,PostMonsoon,LC09_149044_20241116,16-11-2024,0.09,Started
Landsat9_LittleRann_2024_PostMonsoon_003,Landsat9,LittleRann,2024,PostMonsoon,LC09_149044_20241202,02-12-2024,1.18,Started
Landsat9_Kutch_2023_Winter_001,Landsat9,Kutch,2023,Winter,LC09_151043_20230213,13-02-2023,0.64,Started
Landsat9_Kutch_2023_Winter_002,Landsat9,Kutch,2023,Winter,LC09_151044_20230213,13-02-2023,1.31,Started
Landsat9_Kutch_2023_Winter_003,Landsat9,Kutch,2023,Winter,LC09_150044_20230105,05-01-2023,3.46,Started
Landsat9_Kutch_2023_Summer_001,Landsat9,Kutch,2023,Summer,LC09_150043_20230513,13-05-2023,0,Started
Landsat9_Kutch_2023_Summer_002,Landsat9,Kutch,2023,Summer,LC09_150044_20230513,13-05-2023,0,Started
Landsat9_Kutch_2023_Summer_003,Landsat9,Kutch,2023,Summer,LC09_151043_20230402,02-04-2023,0.01,Started
Landsat9_Kutch_2023_Monsoon_001,Landsat9,Kutch,2023,Monsoon,LC09_150043_20230902,02-09-2023,2.01,Started
Landsat9_Kutch_2023_Monsoon_002,Landsat9,Kutch,2023,Monsoon,LC09_151043_20230909,09-09-2023,2.19,Started
Landsat9_Kutch_2023_PostMonsoon_001,Landsat9,Kutch,2023,PostMonsoon,LC09_150043_20231004,04-10-2023,0,Started
Landsat9_Kutch_2023_PostMonsoon_002,Landsat9,Kutch,2023,PostMonsoon,LC09_150043_20231020,20-10-2023,0,Started
Landsat9_Kutch_2023_PostMonsoon_003,Landsat9,Kutch,2023,PostMonsoon,LC09_150044_20231004,04-10-2023,0,Started
Landsat9_Kutch_2024_Winter_001,Landsat9,Kutch,2024,Winter,LC09_150044_20240209,09-02-2024,2.45,Started
Landsat9_Kutch_2024_Winter_002,Landsat9,Kutch,2024,Winter,LC09_150044_20240225,25-02-2024,3.33,Started
Landsat9_Kutch_2024_Winter_003,Landsat9,Kutch,2024,Winter,LC09_150044_20240124,24-01-2024,3.8,Started
Landsat9_Kutch_2024_Summer_001,Landsat9,Kutch,2024,Summer,LC09_150043_20240515,15-05-2024,0,Started
Landsat9_Kutch_2024_Summer_002,Landsat9,Kutch,2024,Summer,LC09_151043_20240522,22-05-2024,0,Started
Landsat9_Kutch_2024_Summer_003,Landsat9,Kutch,2024,Summer,LC09_150043_20240531,31-05-2024,0.01,Started
Landsat9_Kutch_2024_PostMonsoon_001,Landsat9,Kutch,2024,PostMonsoon,LC09_150043_20241107,07-11-2024,0,Started
Landsat9_Kutch_2024_PostMonsoon_002,Landsat9,Kutch,2024,PostMonsoon,LC09_150044_20241107,07-11-2024,0,Started
Landsat9_Kutch_2024_PostMonsoon_003,Landsat9,Kutch,2024,PostMonsoon,LC09_151043_20241029,29-10-2024,0,Started
Landsat9_Himalayas_2023_Winter_001,Landsat9,Himalayas,2023,Winter,LC09_147039_20230116,16-01-2023,0.43,Started
Landsat9_Himalayas_2023_Winter_002,Landsat9,Himalayas,2023,Winter,LC09_147038_20230116,16-01-2023,1.43,Started
Landsat9_Himalayas_2023_Winter_003,Landsat9,Himalayas,2023,Winter,LC09_147038_20230201,01-02-2023,1.69,Started
Landsat9_Himalayas_2023_Summer_001,Landsat9,Himalayas,2023,Summer,LC09_147039_20230609,09-06-2023,0,Started
Landsat9_Himalayas_2023_Summer_002,Landsat9,Himalayas,2023,Summer,LC09_147039_20230406,06-04-2023,0.63,Started
Landsat9_Himalayas_2023_Summer_003,Landsat9,Himalayas,2023,Summer,LC09_147039_20230508,08-05-2023,3.54,Started
Landsat9_Himalayas_2023_PostMonsoon_001,Landsat9,Himalayas,2023,PostMonsoon,LC09_147039_20231116,16-11-2023,0.76,Started
Landsat9_Himalayas_2023_PostMonsoon_002,Landsat9,Himalayas,2023,PostMonsoon,LC09_147039_20231202,02-12-2023,1.41,Started
Landsat9_Himalayas_2024_Summer_001,Landsat9,Himalayas,2024,Summer,LC09_147039_20240526,26-05-2024,0,Started
Landsat9_Himalayas_2024_Summer_002,Landsat9,Himalayas,2024,Summer,LC09_147039_20240408,08-04-2024,0.15,Started
Landsat9_Himalayas_2024_Summer_003,Landsat9,Himalayas,2024,Summer,LC09_147039_20240611,11-06-2024,0.2,Started
Landsat9_Himalayas_2024_PostMonsoon_001,Landsat9,Himalayas,2024,PostMonsoon,LC09_147039_20241017,17-10-2024,0.01,Started
Landsat9_Himalayas_2024_PostMonsoon_002,Landsat9,Himalayas,2024,PostMonsoon,LC09_147039_20241102,02-11-2024,0.01,Started
Landsat9_Himalayas_2024_PostMonsoon_003,Landsat9,Himalayas,2024,PostMonsoon,LC09_147039_20241204,04-12-2024,0.01,Started
Landsat9_Ladakh_2023_Winter_001,Landsat9,Ladakh,2023,Winter,LC09_147037_20230201,01-02-2023,1.16,Started
Landsat9_Ladakh_2023_Winter_002,Landsat9,Ladakh,2023,Winter,LC09_147037_20230116,16-01-2023,2.98,Started
Landsat9_Ladakh_2023_Winter_003,Landsat9,Ladakh,2023,Winter,LC09_147036_20230116,16-01-2023,4.83,Started
Landsat9_Ladakh_2023_Monsoon_001,Landsat9,Ladakh,2023,Monsoon,LC09_147036_20230913,13-09-2023,1.65,Started
Landsat9_Ladakh_2023_PostMonsoon_001,Landsat9,Ladakh,2023,PostMonsoon,LC09_147036_20231031,31-10-2023,2.26,Started
Landsat9_Ladakh_2023_PostMonsoon_002,Landsat9,Ladakh,2023,PostMonsoon,LC09_147037_20231031,31-10-2023,2.53,Started
Landsat9_Ladakh_2023_PostMonsoon_003,Landsat9,Ladakh,2023,PostMonsoon,LC09_147037_20231116,16-11-2023,3.89,Started
Landsat9_Ladakh_2024_Winter_001,Landsat9,Ladakh,2024,Winter,LC09_147037_20240119,19-01-2024,1.41,Started
Landsat9_Ladakh_2024_Winter_002,Landsat9,Ladakh,2024,Winter,LC09_147036_20240103,03-01-2024,1.65,Started
Landsat9_Ladakh_2024_Winter_003,Landsat9,Ladakh,2024,Winter,LC09_147036_20240119,19-01-2024,1.92,Started
Landsat9_Ladakh_2024_Summer_001,Landsat9,Ladakh,2024,Summer,LC09_147037_20240526,26-05-2024,3.6,Started
Landsat9_Ladakh_2024_Monsoon_001,Landsat9,Ladakh,2024,Monsoon,LC09_147036_20240814,14-08-2024,3.89,Started
Landsat9_Ladakh_2024_PostMonsoon_001,Landsat9,Ladakh,2024,PostMonsoon,LC09_147037_20241102,02-11-2024,0.44,Started
Landsat9_Ladakh_2024_PostMonsoon_002,Landsat9,Ladakh,2024,PostMonsoon,LC09_147037_20241001,01-10-2024,0.56,Started
Landsat9_Ladakh_2024_PostMonsoon_003,Landsat9,Ladakh,2024,PostMonsoon,LC09_147037_20241204,04-12-2024,0.85,Started
Landsat9_Kashmir_2023_Summer_001,Landsat9,Kashmir,2023,Summer,LC09_149037_20230522,22-05-2023,1.26,Started
Landsat9_Kashmir_2023_Summer_002,Landsat9,Kashmir,2023,Summer,LC09_149036_20230522,22-05-2023,3.78,Started
Landsat9_Kashmir_2023_Monsoon_001,Landsat9,Kashmir,2023,Monsoon,LC09_149036_20230911,11-09-2023,4.98,Started
Landsat9_Kashmir_2023_PostMonsoon_001,Landsat9,Kashmir,2023,PostMonsoon,LC09_149037_20231013,13-10-2023,1.81,Started
Landsat9_Kashmir_2023_PostMonsoon_002,Landsat9,Kashmir,2023,PostMonsoon,LC09_149037_20231029,29-10-2023,2.25,Started
Landsat9_Kashmir_2023_PostMonsoon_003,Landsat9,Kashmir,2023,PostMonsoon,LC09_149036_20231114,14-11-2023,4.41,Started
Landsat9_Kashmir_2024_Winter_001,Landsat9,Kashmir,2024,Winter,LC09_149036_20240101,01-01-2024,3.94,Started
Landsat9_Kashmir_2024_Winter_002,Landsat9,Kashmir,2024,Winter,LC09_149036_20240202,02-02-2024,4.3,Started
Landsat9_Kashmir_2024_Summer_001,Landsat9,Kashmir,2024,Summer,LC09_149037_20240508,08-05-2024,0.93,Started
Landsat9_Kashmir_2024_Summer_002,Landsat9,Kashmir,2024,Summer,LC09_149037_20240406,06-04-2024,1.45,Started
Landsat9_Kashmir_2024_Summer_003,Landsat9,Kashmir,2024,Summer,LC09_149036_20240508,08-05-2024,2.77,Started
Landsat9_Kashmir_2024_Monsoon_001,Landsat9,Kashmir,2024,Monsoon,LC09_149036_20240913,13-09-2024,1.53,Started
Landsat9_Kashmir_2024_PostMonsoon_001,Landsat9,Kashmir,2024,PostMonsoon,LC09_149037_20241015,15-10-2024,0.08,Started
Landsat9_Kashmir_2024_PostMonsoon_002,Landsat9,Kashmir,2024,PostMonsoon,LC09_149037_20241031,31-10-2024,1.06,Started
Landsat9_Kashmir_2024_PostMonsoon_003,Landsat9,Kashmir,2024,PostMonsoon,LC09_149036_20241015,15-10-2024,2.55,Started
Landsat9_Sikkim_2023_Winter_001,Landsat9,Sikkim,2023,Winter,LC09_139041_20230108,08-01-2023,1.84,Started
Landsat9_Sikkim_2023_Winter_002,Landsat9,Sikkim,2023,Winter,LC09_139041_20230124,24-01-2023,2.12,Started
Landsat9_Sikkim_2023_PostMonsoon_001,Landsat9,Sikkim,2023,PostMonsoon,LC09_139041_20231124,24-11-2023,4.47,Started
Landsat9_Sikkim_2024_Winter_001,Landsat9,Sikkim,2024,Winter,LC09_139041_20240111,11-01-2024,4.51,Started
Landsat9_Sikkim_2024_PostMonsoon_001,Landsat9,Sikkim,2024,PostMonsoon,LC09_139041_20241212,12-12-2024,4.8,Started
Landsat8_ChilikaLake_2025_Winter_001,Landsat8,ChilikaLake,2025,Winter,LC08_140046_20250213,13-02-2025,0.01,Started
Landsat8_ChilikaLake_2025_Winter_002,Landsat8,ChilikaLake,2025,Winter,LC08_140047_20250213,13-02-2025,0.89,Started
Landsat8_ChilikaLake_2025_Winter_003,Landsat8,ChilikaLake,2025,Winter,LC08_140047_20250112,12-01-2025,3.75,Started
Landsat8_ChilikaLake_2025_Summer_001,Landsat8,ChilikaLake,2025,Summer,LC08_140046_20250402,02-04-2025,3.02,Started
Landsat8_ChilikaLake_2025_Summer_002,Landsat8,ChilikaLake,2025,Summer,LC08_140046_20250504,04-05-2025,3.84,Started
Landsat8_ChilikaLake_2025_PostMonsoon_001,Landsat8,ChilikaLake,2025,PostMonsoon,LC08_140046_20251112,12-11-2025,0,Started
Landsat8_ChilikaLake_2025_PostMonsoon_002,Landsat8,ChilikaLake,2025,PostMonsoon,LC08_140046_20251214,14-12-2025,0.01,Started
Landsat8_ChilikaLake_2025_PostMonsoon_003,Landsat8,ChilikaLake,2025,PostMonsoon,LC08_140046_20251128,28-11-2025,0.07,Started
Landsat8_ChilikaLake_2026_Winter_001,Landsat8,ChilikaLake,2026,Winter,LC08_140046_20260115,15-01-2026,0.02,Started
Landsat8_ChilikaLake_2026_Winter_002,Landsat8,ChilikaLake,2026,Winter,LC08_140047_20260115,15-01-2026,0.05,Started
Landsat8_ChilikaLake_2026_Summer_001,Landsat8,ChilikaLake,2026,Summer,LC08_140047_20260523,23-05-2026,3.39,Started
Landsat8_Sundarbans_2025_Winter_001,Landsat8,Sundarbans,2025,Winter,LC08_138045_20250215,15-02-2025,0.01,Started
Landsat8_Sundarbans_2025_Winter_002,Landsat8,Sundarbans,2025,Winter,LC08_138045_20250114,14-01-2025,0.68,Started
Landsat8_Sundarbans_2025_PostMonsoon_001,Landsat8,Sundarbans,2025,PostMonsoon,LC08_138045_20251114,14-11-2025,0,Started
Landsat8_Sundarbans_2025_PostMonsoon_002,Landsat8,Sundarbans,2025,PostMonsoon,LC08_138045_20251013,13-10-2025,0.61,Started
Landsat8_Sundarbans_2026_Winter_001,Landsat8,Sundarbans,2026,Winter,LC08_138045_20260117,17-01-2026,0,Started
Landsat8_Sundarbans_2026_Winter_002,Landsat8,Sundarbans,2026,Winter,LC08_138045_20260218,18-02-2026,0.03,Started
Landsat8_Sundarbans_2026_Winter_003,Landsat8,Sundarbans,2026,Winter,LC08_138045_20260101,01-01-2026,0.12,Started
Landsat8_VembanadLake_2025_Winter_001,Landsat8,VembanadLake,2025,Winter,LC08_144053_20250225,25-02-2025,0.47,Started
Landsat8_VembanadLake_2025_Winter_002,Landsat8,VembanadLake,2025,Winter,LC08_144053_20250209,09-02-2025,0.52,Started
Landsat8_VembanadLake_2026_Winter_001,Landsat8,VembanadLake,2026,Winter,LC08_144053_20260212,12-02-2026,0.68,Started
Landsat8_Brahmaputra_2025_Winter_001,Landsat8,Brahmaputra,2025,Winter,LC08_136042_20250116,16-01-2025,0.01,Started
Landsat8_Brahmaputra_2025_Winter_002,Landsat8,Brahmaputra,2025,Winter,LC08_137042_20250208,08-02-2025,2.41,Started
Landsat8_Brahmaputra_2025_PostMonsoon_001,Landsat8,Brahmaputra,2025,PostMonsoon,LC08_137042_20251022,22-10-2025,0.9,Started
Landsat8_Brahmaputra_2025_PostMonsoon_002,Landsat8,Brahmaputra,2025,PostMonsoon,LC08_136042_20251116,16-11-2025,2.16,Started
Landsat8_Brahmaputra_2026_Winter_001,Landsat8,Brahmaputra,2026,Winter,LC08_137042_20260126,26-01-2026,0.44,Started
Landsat8_Brahmaputra_2026_Winter_002,Landsat8,Brahmaputra,2026,Winter,LC08_137042_20260211,11-02-2026,1.45,Started
Landsat8_Brahmaputra_2026_Winter_003,Landsat8,Brahmaputra,2026,Winter,LC08_136042_20260119,19-01-2026,2.38,Started
Landsat8_Narmada_2025_Winter_001,Landsat8,Narmada,2025,Winter,LC08_147045_20250214,14-02-2025,0,Started
Landsat8_Narmada_2025_Winter_002,Landsat8,Narmada,2025,Winter,LC08_147045_20250129,29-01-2025,0.02,Started
Landsat8_Narmada_2025_Winter_003,Landsat8,Narmada,2025,Winter,LC08_148044_20250205,05-02-2025,0.04,Started
Landsat8_Narmada_2025_Summer_001,Landsat8,Narmada,2025,Summer,LC08_147045_20250419,19-04-2025,0,Started
Landsat8_Narmada_2025_Summer_002,Landsat8,Narmada,2025,Summer,LC08_148044_20250426,26-04-2025,0,Started
Landsat8_Narmada_2025_Summer_003,Landsat8,Narmada,2025,Summer,LC08_147045_20250403,03-04-2025,0.02,Started
Landsat8_Narmada_2025_PostMonsoon_001,Landsat8,Narmada,2025,PostMonsoon,LC08_147045_20251012,12-10-2025,0.01,Started
Landsat8_Narmada_2025_PostMonsoon_002,Landsat8,Narmada,2025,PostMonsoon,LC08_147045_20251113,13-11-2025,0.03,Started
Landsat8_Narmada_2025_PostMonsoon_003,Landsat8,Narmada,2025,PostMonsoon,LC08_148044_20251019,19-10-2025,0.06,Started
Landsat8_Narmada_2026_Winter_001,Landsat8,Narmada,2026,Winter,LC08_148044_20260107,07-01-2026,0.02,Started
Landsat8_Narmada_2026_Winter_002,Landsat8,Narmada,2026,Winter,LC08_147045_20260116,16-01-2026,0.04,Started
Landsat8_Narmada_2026_Winter_003,Landsat8,Narmada,2026,Winter,LC08_148044_20260208,08-02-2026,0.04,Started
Landsat8_Narmada_2026_Summer_001,Landsat8,Narmada,2026,Summer,LC08_147045_20260508,08-05-2026,0,Started
Landsat8_Narmada_2026_Summer_002,Landsat8,Narmada,2026,Summer,LC08_148044_20260413,13-04-2026,0,Started
Landsat8_Narmada_2026_Summer_003,Landsat8,Narmada,2026,Summer,LC08_148044_20260429,29-04-2026,0,Started
Landsat8_TharDesert_2025_Winter_001,Landsat8,TharDesert,2025,Winter,LC08_150042_20250203,03-02-2025,0.23,Started
Landsat8_TharDesert_2025_Winter_002,Landsat8,TharDesert,2025,Winter,LC08_150042_20250118,18-01-2025,0.5,Started
Landsat8_TharDesert_2025_Winter_003,Landsat8,TharDesert,2025,Winter,LC08_150041_20250203,03-02-2025,0.59,Started
Landsat8_TharDesert_2025_Summer_001,Landsat8,TharDesert,2025,Summer,LC08_150041_20250424,24-04-2025,0,Started
Landsat8_TharDesert_2025_Summer_002,Landsat8,TharDesert,2025,Summer,LC08_150041_20250611,11-06-2025,0,Started
Landsat8_TharDesert_2025_Summer_003,Landsat8,TharDesert,2025,Summer,LC08_150042_20250408,08-04-2025,0,Started
Landsat8_TharDesert_2025_Monsoon_001,Landsat8,TharDesert,2025,Monsoon,LC08_150041_20250713,13-07-2025,2.45,Started
Landsat8_TharDesert_2025_PostMonsoon_001,Landsat8,TharDesert,2025,PostMonsoon,LC08_150041_20251017,17-10-2025,0,Started
Landsat8_TharDesert_2025_PostMonsoon_002,Landsat8,TharDesert,2025,PostMonsoon,LC08_150041_20251102,02-11-2025,0,Started
Landsat8_TharDesert_2025_PostMonsoon_003,Landsat8,TharDesert,2025,PostMonsoon,LC08_150042_20251017,17-10-2025,0,Started
Landsat8_TharDesert_2026_Winter_001,Landsat8,TharDesert,2026,Winter,LC08_150042_20260222,22-02-2026,0,Started
Landsat8_TharDesert_2026_Winter_002,Landsat8,TharDesert,2026,Winter,LC08_150041_20260222,22-02-2026,0.02,Started
Landsat8_TharDesert_2026_Winter_003,Landsat8,TharDesert,2026,Winter,LC08_150042_20260121,21-01-2026,0.11,Started
Landsat8_TharDesert_2026_Summer_001,Landsat8,TharDesert,2026,Summer,LC08_150041_20260529,29-05-2026,0,Started
Landsat8_TharDesert_2026_Summer_002,Landsat8,TharDesert,2026,Summer,LC08_150041_20260614,14-06-2026,0,Started
Landsat8_TharDesert_2026_Summer_003,Landsat8,TharDesert,2026,Summer,LC08_150042_20260411,11-04-2026,0,Started
Landsat8_LittleRann_2025_Winter_001,Landsat8,LittleRann,2025,Winter,LC08_149044_20250212,12-02-2025,0.09,Started
Landsat8_LittleRann_2025_Winter_002,Landsat8,LittleRann,2025,Winter,LC08_149044_20250127,27-01-2025,1.2,Started
Landsat8_LittleRann_2025_Winter_003,Landsat8,LittleRann,2025,Winter,LC08_149044_20250111,11-01-2025,4.11,Started
Landsat8_LittleRann_2025_Summer_001,Landsat8,LittleRann,2025,Summer,LC08_149044_20250417,17-04-2025,0,Started
Landsat8_LittleRann_2025_Summer_002,Landsat8,LittleRann,2025,Summer,LC08_149044_20250503,03-05-2025,0,Started
Landsat8_LittleRann_2025_Summer_003,Landsat8,LittleRann,2025,Summer,LC08_149044_20250401,01-04-2025,2.04,Started
Landsat8_LittleRann_2025_PostMonsoon_001,Landsat8,LittleRann,2025,PostMonsoon,LC08_149044_20251111,11-11-2025,0.06,Started
Landsat8_LittleRann_2025_PostMonsoon_002,Landsat8,LittleRann,2025,PostMonsoon,LC08_149044_20251213,13-12-2025,0.37,Started
Landsat8_LittleRann_2026_Winter_001,Landsat8,LittleRann,2026,Winter,LC08_149044_20260215,15-02-2026,0.04,Started
Landsat8_LittleRann_2026_Winter_002,Landsat8,LittleRann,2026,Winter,LC08_149044_20260114,14-01-2026,0.26,Started
Landsat8_LittleRann_2026_Summer_001,Landsat8,LittleRann,2026,Summer,LC08_149044_20260420,20-04-2026,0.06,Started
Landsat8_LittleRann_2026_Summer_002,Landsat8,LittleRann,2026,Summer,LC08_149044_20260522,22-05-2026,0.68,Started
Landsat8_LittleRann_2026_Summer_003,Landsat8,LittleRann,2026,Summer,LC08_149044_20260506,06-05-2026,0.95,Started
Landsat8_Kutch_2025_Winter_001,Landsat8,Kutch,2025,Winter,LC08_151044_20250210,10-02-2025,0.86,Started
Landsat8_Kutch_2025_Winter_002,Landsat8,Kutch,2025,Winter,LC08_151043_20250109,09-01-2025,2.73,Started
Landsat8_Kutch_2025_Winter_003,Landsat8,Kutch,2025,Winter,LC08_150044_20250118,18-01-2025,3.63,Started
Landsat8_Kutch_2025_Summer_001,Landsat8,Kutch,2025,Summer,LC08_150043_20250424,24-04-2025,0,Started
Landsat8_Kutch_2025_Summer_002,Landsat8,Kutch,2025,Summer,LC08_150044_20250408,08-04-2025,0,Started
Landsat8_Kutch_2025_Summer_003,Landsat8,Kutch,2025,Summer,LC08_150044_20250424,24-04-2025,0,Started
Landsat8_Kutch_2025_PostMonsoon_001,Landsat8,Kutch,2025,PostMonsoon,LC08_150043_20251017,17-10-2025,0,Started
Landsat8_Kutch_2025_PostMonsoon_002,Landsat8,Kutch,2025,PostMonsoon,LC08_151043_20251109,09-11-2025,0.03,Started
Landsat8_Kutch_2025_PostMonsoon_003,Landsat8,Kutch,2025,PostMonsoon,LC08_151043_20251024,24-10-2025,0.04,Started
Landsat8_Kutch_2026_Winter_001,Landsat8,Kutch,2026,Winter,LC08_150043_20260222,22-02-2026,0.2,Started
Landsat8_Kutch_2026_Winter_002,Landsat8,Kutch,2026,Winter,LC08_150044_20260105,05-01-2026,0.7,Started
Landsat8_Kutch_2026_Winter_003,Landsat8,Kutch,2026,Winter,LC08_150044_20260222,22-02-2026,0.76,Started
Landsat8_Kutch_2026_Summer_001,Landsat8,Kutch,2026,Summer,LC08_150043_20260427,27-04-2026,0,Started
Landsat8_Kutch_2026_Summer_002,Landsat8,Kutch,2026,Summer,LC08_150043_20260513,13-05-2026,0,Started
Landsat8_Kutch_2026_Summer_003,Landsat8,Kutch,2026,Summer,LC08_150044_20260427,27-04-2026,0,Started
Landsat8_Himalayas_2025_Winter_001,Landsat8,Himalayas,2025,Winter,LC08_147039_20250113,13-01-2025,0.11,Started
Landsat8_Himalayas_2025_Winter_002,Landsat8,Himalayas,2025,Winter,LC08_147038_20250113,13-01-2025,1.98,Started
Landsat8_Himalayas_2025_Summer_001,Landsat8,Himalayas,2025,Summer,LC08_147039_20250606,06-06-2025,3.43,Started
Landsat8_Himalayas_2025_Summer_002,Landsat8,Himalayas,2025,Summer,LC08_147039_20250403,03-04-2025,4.39,Started
Landsat8_Himalayas_2025_PostMonsoon_001,Landsat8,Himalayas,2025,PostMonsoon,LC08_147039_20251129,29-11-2025,0.01,Started
Landsat8_Himalayas_2025_PostMonsoon_002,Landsat8,Himalayas,2025,PostMonsoon,LC08_147039_20251113,13-11-2025,0.02,Started
Landsat8_Himalayas_2025_PostMonsoon_003,Landsat8,Himalayas,2025,PostMonsoon,LC08_147039_20251012,12-10-2025,0.17,Started
Landsat8_Himalayas_2026_Summer_001,Landsat8,Himalayas,2026,Summer,LC08_147039_20260422,22-04-2026,0.01,Started
Landsat8_Himalayas_2026_Summer_002,Landsat8,Himalayas,2026,Summer,LC08_147039_20260609,09-06-2026,0.51,Started
Landsat8_Himalayas_2026_Summer_003,Landsat8,Himalayas,2026,Summer,LC08_147039_20260406,06-04-2026,1.29,Started
Landsat8_Ladakh_2025_Winter_001,Landsat8,Ladakh,2025,Winter,LC08_147037_20250113,13-01-2025,1.22,Started
Landsat8_Ladakh_2025_Winter_002,Landsat8,Ladakh,2025,Winter,LC08_147036_20250113,13-01-2025,3.86,Started
Landsat8_Ladakh_2025_Summer_001,Landsat8,Ladakh,2025,Summer,LC08_147036_20250606,06-06-2025,2.4,Started
Landsat8_Ladakh_2025_Summer_002,Landsat8,Ladakh,2025,Summer,LC08_147037_20250606,06-06-2025,3.22,Started
Landsat8_Ladakh_2025_PostMonsoon_001,Landsat8,Ladakh,2025,PostMonsoon,LC08_147037_20251129,29-11-2025,1.15,Started
Landsat8_Ladakh_2025_PostMonsoon_002,Landsat8,Ladakh,2025,PostMonsoon,LC08_147036_20251129,29-11-2025,1.52,Started
Landsat8_Ladakh_2025_PostMonsoon_003,Landsat8,Ladakh,2025,PostMonsoon,LC08_147037_20251028,28-10-2025,2.21,Started
Landsat8_Ladakh_2026_Summer_001,Landsat8,Ladakh,2026,Summer,LC08_147037_20260422,22-04-2026,3.91,Started
Landsat8_Ladakh_2026_Summer_002,Landsat8,Ladakh,2026,Summer,LC08_147036_20260422,22-04-2026,4.08,Started
Landsat8_Kashmir_2025_Winter_001,Landsat8,Kashmir,2025,Winter,LC08_149036_20250127,27-01-2025,1.39,Started
Landsat8_Kashmir_2025_Winter_002,Landsat8,Kashmir,2025,Winter,LC08_149037_20250127,27-01-2025,1.6,Started
Landsat8_Kashmir_2025_Summer_001,Landsat8,Kashmir,2025,Summer,LC08_149037_20250401,01-04-2025,1.62,Started
Landsat8_Kashmir_2025_Summer_002,Landsat8,Kashmir,2025,Summer,LC08_149036_20250401,01-04-2025,2,Started
Landsat8_Kashmir_2025_Summer_003,Landsat8,Kashmir,2025,Summer,LC08_149037_20250519,19-05-2025,4.18,Started
Landsat8_Kashmir_2025_PostMonsoon_001,Landsat8,Kashmir,2025,PostMonsoon,LC08_149037_20251026,26-10-2025,1.32,Started
Landsat8_Kashmir_2025_PostMonsoon_002,Landsat8,Kashmir,2025,PostMonsoon,LC08_149037_20251010,10-10-2025,3.52,Started
Landsat8_Kashmir_2025_PostMonsoon_003,Landsat8,Kashmir,2025,PostMonsoon,LC08_149036_20251127,27-11-2025,4,Started
Landsat8_Kashmir_2026_Winter_001,Landsat8,Kashmir,2026,Winter,LC08_149036_20260114,14-01-2026,1.03,Started
Landsat8_Kashmir_2026_Winter_002,Landsat8,Kashmir,2026,Winter,LC08_149036_20260215,15-02-2026,1.14,Started
Landsat8_Kashmir_2026_Winter_003,Landsat8,Kashmir,2026,Winter,LC08_149037_20260215,15-02-2026,1.64,Started
Landsat8_Kashmir_2026_Summer_001,Landsat8,Kashmir,2026,Summer,LC08_149037_20260506,06-05-2026,3.28,Started
Landsat8_Kashmir_2026_Summer_002,Landsat8,Kashmir,2026,Summer,LC08_149036_20260506,06-05-2026,4.45,Started
Landsat8_Kashmir_2026_Summer_003,Landsat8,Kashmir,2026,Summer,LC08_149037_20260420,20-04-2026,4.93,Started
Landsat8_Sikkim_2025_PostMonsoon_001,Landsat8,Sikkim,2025,PostMonsoon,LC08_139041_20251105,05-11-2025,4.47,Started
Landsat9_ChilikaLake_2025_Winter_001,Landsat9,ChilikaLake,2025,Winter,LC09_140046_20250120,20-01-2025,0,Started
Landsat9_ChilikaLake_2025_Winter_002,Landsat9,ChilikaLake,2025,Winter,LC09_140047_20250120,20-01-2025,0,Started
Landsat9_ChilikaLake_2025_Winter_003,Landsat9,ChilikaLake,2025,Winter,LC09_140046_20250104,04-01-2025,0.05,Started
Landsat9_ChilikaLake_2025_Summer_001,Landsat9,ChilikaLake,2025,Summer,LC09_140047_20250512,12-05-2025,2.23,Started
Landsat9_ChilikaLake_2025_Summer_002,Landsat9,ChilikaLake,2025,Summer,LC09_140047_20250426,26-04-2025,2.24,Started
Landsat9_ChilikaLake_2025_Summer_003,Landsat9,ChilikaLake,2025,Summer,LC09_140046_20250426,26-04-2025,4.85,Started
Landsat9_ChilikaLake_2025_PostMonsoon_001,Landsat9,ChilikaLake,2025,PostMonsoon,LC09_140047_20251206,06-12-2025,2.18,Started
Landsat9_ChilikaLake_2026_Winter_001,Landsat9,ChilikaLake,2026,Winter,LC09_140046_20260123,23-01-2026,0.11,Started
Landsat9_ChilikaLake_2026_Winter_002,Landsat9,ChilikaLake,2026,Winter,LC09_140046_20260107,07-01-2026,0.4,Started
Landsat9_ChilikaLake_2026_Winter_003,Landsat9,ChilikaLake,2026,Winter,LC09_140047_20260107,07-01-2026,1.24,Started
Landsat9_ChilikaLake_2026_Summer_001,Landsat9,ChilikaLake,2026,Summer,LC09_140047_20260413,13-04-2026,0.17,Started
Landsat9_ChilikaLake_2026_Summer_002,Landsat9,ChilikaLake,2026,Summer,LC09_140047_20260429,29-04-2026,2.14,Started
Landsat9_Sundarbans_2025_Winter_001,Landsat9,Sundarbans,2025,Winter,LC09_138045_20250207,07-02-2025,0.06,Started
Landsat9_Sundarbans_2025_PostMonsoon_001,Landsat9,Sundarbans,2025,PostMonsoon,LC09_138045_20251122,22-11-2025,0,Started
Landsat9_Sundarbans_2025_PostMonsoon_002,Landsat9,Sundarbans,2025,PostMonsoon,LC09_138045_20251106,06-11-2025,0.59,Started
Landsat9_Sundarbans_2026_Winter_001,Landsat9,Sundarbans,2026,Winter,LC09_138045_20260210,10-02-2026,0.01,Started
Landsat9_Sundarbans_2026_Winter_002,Landsat9,Sundarbans,2026,Winter,LC09_138045_20260226,26-02-2026,0.15,Started
Landsat9_Sundarbans_2026_Winter_003,Landsat9,Sundarbans,2026,Winter,LC09_138045_20260109,09-01-2026,0.27,Started
Landsat9_VembanadLake_2025_Winter_001,Landsat9,VembanadLake,2025,Winter,LC09_144053_20250217,17-02-2025,1.63,Started
Landsat9_VembanadLake_2025_PostMonsoon_001,Landsat9,VembanadLake,2025,PostMonsoon,LC09_144054_20251031,31-10-2025,0.2,Started
Landsat9_VembanadLake_2025_PostMonsoon_002,Landsat9,VembanadLake,2025,PostMonsoon,LC09_144053_20251031,31-10-2025,4.17,Started
Landsat9_VembanadLake_2026_Winter_001,Landsat9,VembanadLake,2026,Winter,LC09_144053_20260204,04-02-2026,0.94,Started
Landsat9_Brahmaputra_2025_Winter_001,Landsat9,Brahmaputra,2025,Winter,LC09_136042_20250209,09-02-2025,0.1,Started
Landsat9_Brahmaputra_2025_Winter_002,Landsat9,Brahmaputra,2025,Winter,LC09_137042_20250115,15-01-2025,1.74,Started
Landsat9_Brahmaputra_2025_PostMonsoon_001,Landsat9,Brahmaputra,2025,PostMonsoon,LC09_136042_20251210,10-12-2025,0.07,Started
Landsat9_Brahmaputra_2025_PostMonsoon_002,Landsat9,Brahmaputra,2025,PostMonsoon,LC09_137042_20251115,15-11-2025,1.64,Started
Landsat9_Brahmaputra_2025_PostMonsoon_003,Landsat9,Brahmaputra,2025,PostMonsoon,LC09_137042_20251201,01-12-2025,4.63,Started
Landsat9_Brahmaputra_2026_Winter_001,Landsat9,Brahmaputra,2026,Winter,LC09_136042_20260212,12-02-2026,0.28,Started
Landsat9_Brahmaputra_2026_Winter_002,Landsat9,Brahmaputra,2026,Winter,LC09_136042_20260127,27-01-2026,0.51,Started
Landsat9_Brahmaputra_2026_Winter_003,Landsat9,Brahmaputra,2026,Winter,LC09_137042_20260219,19-02-2026,0.65,Started
Landsat9_Narmada_2025_Winter_001,Landsat9,Narmada,2025,Winter,LC09_148044_20250213,13-02-2025,0.05,Started
Landsat9_Narmada_2025_Winter_002,Landsat9,Narmada,2025,Winter,LC09_148044_20250112,12-01-2025,0.06,Started
Landsat9_Narmada_2025_Winter_003,Landsat9,Narmada,2025,Winter,LC09_147045_20250121,21-01-2025,0.08,Started
Landsat9_Narmada_2025_Summer_001,Landsat9,Narmada,2025,Summer,LC09_147045_20250427,27-04-2025,0,Started
Landsat9_Narmada_2025_Summer_002,Landsat9,Narmada,2025,Summer,LC09_148044_20250418,18-04-2025,0,Started
Landsat9_Narmada_2025_Summer_003,Landsat9,Narmada,2025,Summer,LC09_148045_20250418,18-04-2025,0,Started
Landsat9_Narmada_2025_PostMonsoon_001,Landsat9,Narmada,2025,PostMonsoon,LC09_148044_20251128,28-11-2025,0.01,Started
Landsat9_Narmada_2025_PostMonsoon_002,Landsat9,Narmada,2025,PostMonsoon,LC09_148045_20251011,11-10-2025,0.01,Started
Landsat9_Narmada_2025_PostMonsoon_003,Landsat9,Narmada,2025,PostMonsoon,LC09_148044_20251112,12-11-2025,0.02,Started
Landsat9_Narmada_2026_Winter_001,Landsat9,Narmada,2026,Winter,LC09_148044_20260115,15-01-2026,0.09,Started
Landsat9_Narmada_2026_Winter_002,Landsat9,Narmada,2026,Winter,LC09_148044_20260216,16-02-2026,0.1,Started
Landsat9_Narmada_2026_Winter_003,Landsat9,Narmada,2026,Winter,LC09_147045_20260209,09-02-2026,0.2,Started
Landsat9_Narmada_2026_Summer_001,Landsat9,Narmada,2026,Summer,LC09_147045_20260414,14-04-2026,0,Started
Landsat9_Narmada_2026_Summer_002,Landsat9,Narmada,2026,Summer,LC09_148044_20260507,07-05-2026,0,Started
Landsat9_Narmada_2026_Summer_003,Landsat9,Narmada,2026,Summer,LC09_147045_20260430,30-04-2026,0.01,Started
Landsat9_TharDesert_2025_Winter_001,Landsat9,TharDesert,2025,Winter,LC09_150041_20250126,26-01-2025,0.02,Started
Landsat9_TharDesert_2025_Winter_002,Landsat9,TharDesert,2025,Winter,LC09_150042_20250126,26-01-2025,0.05,Started
Landsat9_TharDesert_2025_Winter_003,Landsat9,TharDesert,2025,Winter,LC09_150041_20250110,10-01-2025,0.1,Started
Landsat9_TharDesert_2025_Summer_001,Landsat9,TharDesert,2025,Summer,LC09_150041_20250416,16-04-2025,0,Started
Landsat9_TharDesert_2025_Summer_002,Landsat9,TharDesert,2025,Summer,LC09_150041_20250518,18-05-2025,0,Started
Landsat9_TharDesert_2025_Summer_003,Landsat9,TharDesert,2025,Summer,LC09_150042_20250416,16-04-2025,0,Started
Landsat9_TharDesert_2025_Monsoon_001,Landsat9,TharDesert,2025,Monsoon,LC09_150041_20250705,05-07-2025,2.06,Started
Landsat9_TharDesert_2025_PostMonsoon_001,Landsat9,TharDesert,2025,PostMonsoon,LC09_150041_20251025,25-10-2025,0,Started
Landsat9_TharDesert_2025_PostMonsoon_002,Landsat9,TharDesert,2025,PostMonsoon,LC09_150042_20251025,25-10-2025,0,Started
Landsat9_TharDesert_2025_PostMonsoon_003,Landsat9,TharDesert,2025,PostMonsoon,LC09_150041_20251009,09-10-2025,0.05,Started
Landsat9_TharDesert_2026_Winter_001,Landsat9,TharDesert,2026,Winter,LC09_150042_20260214,14-02-2026,0,Started
Landsat9_TharDesert_2026_Winter_002,Landsat9,TharDesert,2026,Winter,LC09_150041_20260214,14-02-2026,0.05,Started
Landsat9_TharDesert_2026_Winter_003,Landsat9,TharDesert,2026,Winter,LC09_150041_20260113,13-01-2026,0.07,Started
Landsat9_TharDesert_2026_Summer_001,Landsat9,TharDesert,2026,Summer,LC09_150041_20260505,05-05-2026,0,Started
Landsat9_TharDesert_2026_Summer_002,Landsat9,TharDesert,2026,Summer,LC09_150041_20260521,21-05-2026,0,Started
Landsat9_TharDesert_2026_Summer_003,Landsat9,TharDesert,2026,Summer,LC09_150041_20260606,06-06-2026,0,Started
Landsat9_LittleRann_2025_Winter_001,Landsat9,LittleRann,2025,Winter,LC09_149044_20250103,03-01-2025,0.63,Started
Landsat9_LittleRann_2025_Winter_002,Landsat9,LittleRann,2025,Winter,LC09_149044_20250220,20-02-2025,2.38,Started
Landsat9_LittleRann_2025_Summer_001,Landsat9,LittleRann,2025,Summer,LC09_149044_20250409,09-04-2025,0,Started
Landsat9_LittleRann_2025_Summer_002,Landsat9,LittleRann,2025,Summer,LC09_149044_20250425,25-04-2025,0,Started
Landsat9_LittleRann_2025_Summer_003,Landsat9,LittleRann,2025,Summer,LC09_149044_20250612,12-06-2025,1.89,Started
Landsat9_LittleRann_2025_PostMonsoon_001,Landsat9,LittleRann,2025,PostMonsoon,LC09_149044_20251205,05-12-2025,0.71,Started
Landsat9_LittleRann_2025_PostMonsoon_002,Landsat9,LittleRann,2025,PostMonsoon,LC09_149044_20251119,19-11-2025,2.74,Started
Landsat9_LittleRann_2026_Winter_001,Landsat9,LittleRann,2026,Winter,LC09_149044_20260106,06-01-2026,0.56,Started
Landsat9_LittleRann_2026_Winter_002,Landsat9,LittleRann,2026,Winter,LC09_149044_20260122,22-01-2026,4.4,Started
Landsat9_LittleRann_2026_Summer_001,Landsat9,LittleRann,2026,Summer,LC09_149044_20260412,12-04-2026,0,Started
Landsat9_LittleRann_2026_Summer_002,Landsat9,LittleRann,2026,Summer,LC09_149044_20260428,28-04-2026,0,Started
Landsat9_LittleRann_2026_Summer_003,Landsat9,LittleRann,2026,Summer,LC09_149044_20260514,14-05-2026,0,Started
Landsat9_Kutch_2025_Winter_001,Landsat9,Kutch,2025,Winter,LC09_150044_20250126,26-01-2025,4.15,Started
Landsat9_Kutch_2025_Winter_002,Landsat9,Kutch,2025,Winter,LC09_150044_20250211,11-02-2025,4.81,Started
Landsat9_Kutch_2025_Summer_001,Landsat9,Kutch,2025,Summer,LC09_150043_20250416,16-04-2025,0,Started
Landsat9_Kutch_2025_Summer_002,Landsat9,Kutch,2025,Summer,LC09_150043_20250502,02-05-2025,0,Started
Landsat9_Kutch_2025_Summer_003,Landsat9,Kutch,2025,Summer,LC09_151043_20250423,23-04-2025,0,Started
Landsat9_Kutch_2025_PostMonsoon_001,Landsat9,Kutch,2025,PostMonsoon,LC09_151043_20251016,16-10-2025,0,Started
Landsat9_Kutch_2025_PostMonsoon_002,Landsat9,Kutch,2025,PostMonsoon,LC09_151044_20251016,16-10-2025,0.02,Started
Landsat9_Kutch_2025_PostMonsoon_003,Landsat9,Kutch,2025,PostMonsoon,LC09_150043_20251110,10-11-2025,0.03,Started
Landsat9_Kutch_2026_Winter_001,Landsat9,Kutch,2026,Winter,LC09_150043_20260214,14-02-2026,0.5,Started
Landsat9_Kutch_2026_Winter_002,Landsat9,Kutch,2026,Winter,LC09_150044_20260214,14-02-2026,0.71,Started
Landsat9_Kutch_2026_Winter_003,Landsat9,Kutch,2026,Winter,LC09_151043_20260104,04-01-2026,0.84,Started
Landsat9_Kutch_2026_Summer_001,Landsat9,Kutch,2026,Summer,LC09_150043_20260521,21-05-2026,0,Started
Landsat9_Kutch_2026_Summer_002,Landsat9,Kutch,2026,Summer,LC09_150044_20260521,21-05-2026,0,Started
Landsat9_Kutch_2026_Summer_003,Landsat9,Kutch,2026,Summer,LC09_151043_20260426,26-04-2026,0,Started
Landsat9_Himalayas_2025_Winter_001,Landsat9,Himalayas,2025,Winter,LC09_147039_20250206,06-02-2025,0.02,Started
Landsat9_Himalayas_2025_Summer_001,Landsat9,Himalayas,2025,Summer,LC09_147039_20250427,27-04-2025,0.19,Started
Landsat9_Himalayas_2025_Summer_002,Landsat9,Himalayas,2025,Summer,LC09_147039_20250614,14-06-2025,0.95,Started
Landsat9_Himalayas_2025_Summer_003,Landsat9,Himalayas,2025,Summer,LC09_147039_20250513,13-05-2025,2.78,Started
Landsat9_Himalayas_2025_PostMonsoon_001,Landsat9,Himalayas,2025,PostMonsoon,LC09_147039_20251121,21-11-2025,0,Started
Landsat9_Himalayas_2025_PostMonsoon_002,Landsat9,Himalayas,2025,PostMonsoon,LC09_147039_20251207,07-12-2025,0.01,Started
Landsat9_Himalayas_2025_PostMonsoon_003,Landsat9,Himalayas,2025,PostMonsoon,LC09_147039_20251105,05-11-2025,0.05,Started
Landsat9_Himalayas_2026_Winter_001,Landsat9,Himalayas,2026,Winter,LC09_147039_20260225,25-02-2026,0.01,Started
Landsat9_Himalayas_2026_Winter_002,Landsat9,Himalayas,2026,Winter,LC09_147038_20260225,25-02-2026,2.42,Started
Landsat9_Himalayas_2026_Summer_001,Landsat9,Himalayas,2026,Summer,LC09_147039_20260414,14-04-2026,0.01,Started
Landsat9_Himalayas_2026_Summer_002,Landsat9,Himalayas,2026,Summer,LC09_147038_20260414,14-04-2026,1.93,Started
Landsat9_Himalayas_2026_Summer_003,Landsat9,Himalayas,2026,Summer,LC09_147039_20260516,16-05-2026,3.1,Started
Landsat9_Ladakh_2025_Winter_001,Landsat9,Ladakh,2025,Winter,LC09_147037_20250206,06-02-2025,0.7,Started
Landsat9_Ladakh_2025_PostMonsoon_001,Landsat9,Ladakh,2025,PostMonsoon,LC09_147037_20251121,21-11-2025,1.47,Started
Landsat9_Ladakh_2025_PostMonsoon_002,Landsat9,Ladakh,2025,PostMonsoon,LC09_147036_20251121,21-11-2025,1.98,Started
Landsat9_Ladakh_2026_Winter_001,Landsat9,Ladakh,2026,Winter,LC09_147037_20260108,08-01-2026,0.97,Started
Landsat9_Ladakh_2026_Winter_002,Landsat9,Ladakh,2026,Winter,LC09_147036_20260108,08-01-2026,1.3,Started
Landsat9_Ladakh_2026_Winter_003,Landsat9,Ladakh,2026,Winter,LC09_147036_20260225,25-02-2026,3.85,Started
Landsat9_Ladakh_2026_Summer_001,Landsat9,Ladakh,2026,Summer,LC09_147037_20260414,14-04-2026,3.15,Started
Landsat9_Ladakh_2026_Summer_002,Landsat9,Ladakh,2026,Summer,LC09_147036_20260414,14-04-2026,4.32,Started
Landsat9_Kashmir_2025_Winter_001,Landsat9,Kashmir,2025,Winter,LC09_149037_20250204,04-02-2025,2.55,Started
Landsat9_Kashmir_2025_Summer_001,Landsat9,Kashmir,2025,Summer,LC09_149037_20250612,12-06-2025,1.37,Started
Landsat9_Kashmir_2025_Summer_002,Landsat9,Kashmir,2025,Summer,LC09_149037_20250425,25-04-2025,1.94,Started
Landsat9_Kashmir_2025_PostMonsoon_001,Landsat9,Kashmir,2025,PostMonsoon,LC09_149037_20251103,03-11-2025,1.59,Started
Landsat9_Kashmir_2025_PostMonsoon_002,Landsat9,Kashmir,2025,PostMonsoon,LC09_149036_20251103,03-11-2025,4.1,Started
Landsat9_Kashmir_2025_PostMonsoon_003,Landsat9,Kashmir,2025,PostMonsoon,LC09_149037_20251119,19-11-2025,4.88,Started
Landsat9_Kashmir_2026_Winter_001,Landsat9,Kashmir,2026,Winter,LC09_149037_20260223,23-02-2026,1.82,Started
Landsat9_Kashmir_2026_Winter_002,Landsat9,Kashmir,2026,Winter,LC09_149036_20260223,23-02-2026,2.11,Started
Landsat9_Sikkim_2026_Winter_001,Landsat9,Sikkim,2026,Winter,LC09_139041_20260116,16-01-2026,4.7,Started
Landsat8_Jamshedpur_2023_Winter_001,Landsat8,Jamshedpur,2023,Winter,LC08_140044_20230224,24-02-2023,0,Started
Landsat8_Jamshedpur_2023_Winter_002,Landsat8,Jamshedpur,2023,Winter,LC08_140044_20230107,07-01-2023,0.01,Started
Landsat8_Jamshedpur_2023_Winter_003,Landsat8,Jamshedpur,2023,Winter,LC08_140044_20230208,08-02-2023,0.01,Started
Landsat8_Jamshedpur_2023_Summer_001,Landsat8,Jamshedpur,2023,Summer,LC08_140044_20230413,13-04-2023,0.05,Started
Landsat8_Jamshedpur_2023_Summer_002,Landsat8,Jamshedpur,2023,Summer,LC08_139044_20230406,06-04-2023,0.17,Started
Landsat8_Jamshedpur_2023_Summer_003,Landsat8,Jamshedpur,2023,Summer,LC08_139045_20230406,06-04-2023,0.42,Started
Landsat8_Jamshedpur_2023_PostMonsoon_001,Landsat8,Jamshedpur,2023,PostMonsoon,LC08_139045_20231015,15-10-2023,0,Started
Landsat8_Jamshedpur_2023_PostMonsoon_002,Landsat8,Jamshedpur,2023,PostMonsoon,LC08_140044_20231123,23-11-2023,0.01,Started
Landsat8_Jamshedpur_2023_PostMonsoon_003,Landsat8,Jamshedpur,2023,PostMonsoon,LC08_139044_20231015,15-10-2023,0.03,Started
Landsat8_Jamshedpur_2024_Winter_001,Landsat8,Jamshedpur,2024,Winter,LC08_139045_20240103,03-01-2024,0,Started
Landsat8_Jamshedpur_2024_Winter_002,Landsat8,Jamshedpur,2024,Winter,LC08_139044_20240103,03-01-2024,0.01,Started
Landsat8_Jamshedpur_2024_Winter_003,Landsat8,Jamshedpur,2024,Winter,LC08_139044_20240204,04-02-2024,0.04,Started
Landsat8_Jamshedpur_2024_Summer_001,Landsat8,Jamshedpur,2024,Summer,LC08_140044_20240501,01-05-2024,0.03,Started
Landsat8_Jamshedpur_2024_Summer_002,Landsat8,Jamshedpur,2024,Summer,LC08_139044_20240424,24-04-2024,0.67,Started
Landsat8_Jamshedpur_2024_Summer_003,Landsat8,Jamshedpur,2024,Summer,LC08_140044_20240415,15-04-2024,2.11,Started
Landsat8_Jamshedpur_2024_PostMonsoon_001,Landsat8,Jamshedpur,2024,PostMonsoon,LC08_139044_20241118,18-11-2024,0,Started
Landsat8_Jamshedpur_2024_PostMonsoon_002,Landsat8,Jamshedpur,2024,PostMonsoon,LC08_139045_20241118,18-11-2024,0,Started
Landsat8_Jamshedpur_2024_PostMonsoon_003,Landsat8,Jamshedpur,2024,PostMonsoon,LC08_139044_20241102,02-11-2024,0.02,Started
Landsat8_Hazira_2023_Winter_001,Landsat8,Hazira,2023,Winter,LC08_148045_20230216,16-02-2023,0,Started
Landsat8_Hazira_2023_Winter_002,Landsat8,Hazira,2023,Winter,LC08_148046_20230216,16-02-2023,0,Started
Landsat8_Hazira_2023_Winter_003,Landsat8,Hazira,2023,Winter,LC08_148046_20230115,15-01-2023,0.02,Started
Landsat8_Hazira_2023_Summer_001,Landsat8,Hazira,2023,Summer,LC08_148045_20230421,21-04-2023,0.02,Started
Landsat8_Hazira_2023_Summer_002,Landsat8,Hazira,2023,Summer,LC08_148046_20230421,21-04-2023,0.03,Started
Landsat8_Hazira_2023_Summer_003,Landsat8,Hazira,2023,Summer,LC08_148045_20230523,23-05-2023,1.58,Started
Landsat8_Hazira_2023_PostMonsoon_001,Landsat8,Hazira,2023,PostMonsoon,LC08_148046_20231115,15-11-2023,0,Started
Landsat8_Hazira_2023_PostMonsoon_002,Landsat8,Hazira,2023,PostMonsoon,LC08_148045_20231115,15-11-2023,0.22,Started
Landsat8_Hazira_2023_PostMonsoon_003,Landsat8,Hazira,2023,PostMonsoon,LC08_148046_20231014,14-10-2023,3.41,Started
Landsat8_Hazira_2024_Winter_001,Landsat8,Hazira,2024,Winter,LC08_148046_20240219,19-02-2024,0,Started
Landsat8_Hazira_2024_Winter_002,Landsat8,Hazira,2024,Winter,LC08_148046_20240102,02-01-2024,0.01,Started
Landsat8_Hazira_2024_Winter_003,Landsat8,Hazira,2024,Winter,LC08_148046_20240203,03-02-2024,0.02,Started
Landsat8_Hazira_2024_Summer_001,Landsat8,Hazira,2024,Summer,LC08_148046_20240407,07-04-2024,0,Started
Landsat8_Hazira_2024_Summer_002,Landsat8,Hazira,2024,Summer,LC08_148045_20240423,23-04-2024,0.06,Started
Landsat8_Hazira_2024_Summer_003,Landsat8,Hazira,2024,Summer,LC08_148046_20240423,23-04-2024,0.1,Started
Landsat8_Hazira_2024_PostMonsoon_001,Landsat8,Hazira,2024,PostMonsoon,LC08_148045_20241101,01-11-2024,0,Started
Landsat8_Hazira_2024_PostMonsoon_002,Landsat8,Hazira,2024,PostMonsoon,LC08_148046_20241101,01-11-2024,0,Started
Landsat8_Hazira_2024_PostMonsoon_003,Landsat8,Hazira,2024,PostMonsoon,LC08_148045_20241117,17-11-2024,0.03,Started
Landsat8_VizagIndustrial_2023_Winter_001,Landsat8,VizagIndustrial,2023,Winter,LC08_141048_20230215,15-02-2023,1.54,Started
Landsat8_VizagIndustrial_2023_Winter_002,Landsat8,VizagIndustrial,2023,Winter,LC08_141048_20230114,14-01-2023,4.27,Started
Landsat8_VizagIndustrial_2023_Summer_001,Landsat8,VizagIndustrial,2023,Summer,LC08_141048_20230420,20-04-2023,4.24,Started
Landsat8_VizagIndustrial_2023_PostMonsoon_001,Landsat8,VizagIndustrial,2023,PostMonsoon,LC08_141048_20231013,13-10-2023,2.31,Started
Landsat8_VizagIndustrial_2024_Summer_001,Landsat8,VizagIndustrial,2024,Summer,LC08_141048_20240422,22-04-2024,2.81,Started
Landsat8_ChennaiAirport_2023_Winter_001,Landsat8,ChennaiAirport,2023,Winter,LC08_142051_20230222,22-02-2023,0.27,Started
Landsat8_ChennaiAirport_2023_Monsoon_001,Landsat8,ChennaiAirport,2023,Monsoon,LC08_142051_20230902,02-09-2023,1.12,Started
Landsat8_ChennaiAirport_2024_Summer_001,Landsat8,ChennaiAirport,2024,Summer,LC08_142051_20240531,31-05-2024,2.34,Started
Landsat8_ChennaiAirport_2024_Summer_002,Landsat8,ChennaiAirport,2024,Summer,LC08_142051_20240429,29-04-2024,4.53,Started
Landsat8_DelhiAirport_2023_Winter_001,Landsat8,DelhiAirport,2023,Winter,LC08_147040_20230225,25-02-2023,0.04,Started
Landsat8_DelhiAirport_2023_Winter_002,Landsat8,DelhiAirport,2023,Winter,LC08_146040_20230117,17-01-2023,0.75,Started
Landsat8_DelhiAirport_2023_Winter_003,Landsat8,DelhiAirport,2023,Winter,LC08_146040_20230218,18-02-2023,0.77,Started
Landsat8_DelhiAirport_2023_Summer_001,Landsat8,DelhiAirport,2023,Summer,LC08_146040_20230407,07-04-2023,0,Started
Landsat8_DelhiAirport_2023_Summer_002,Landsat8,DelhiAirport,2023,Summer,LC08_146040_20230610,10-06-2023,0.04,Started
Landsat8_DelhiAirport_2023_Summer_003,Landsat8,DelhiAirport,2023,Summer,LC08_146040_20230509,09-05-2023,0.1,Started
Landsat8_DelhiAirport_2023_Monsoon_001,Landsat8,DelhiAirport,2023,Monsoon,LC08_147040_20230905,05-09-2023,1.87,Started
Landsat8_DelhiAirport_2023_Monsoon_002,Landsat8,DelhiAirport,2023,Monsoon,LC08_146040_20230829,29-08-2023,2.36,Started
Landsat8_DelhiAirport_2023_Monsoon_003,Landsat8,DelhiAirport,2023,Monsoon,LC08_147040_20230703,03-07-2023,4.78,Started
Landsat8_DelhiAirport_2023_PostMonsoon_001,Landsat8,DelhiAirport,2023,PostMonsoon,LC08_147040_20231007,07-10-2023,0.01,Started
Landsat8_DelhiAirport_2023_PostMonsoon_002,Landsat8,DelhiAirport,2023,PostMonsoon,LC08_146040_20231117,17-11-2023,0.08,Started
Landsat8_DelhiAirport_2023_PostMonsoon_003,Landsat8,DelhiAirport,2023,PostMonsoon,LC08_146040_20231101,01-11-2023,0.09,Started
Landsat8_DelhiAirport_2024_Winter_001,Landsat8,DelhiAirport,2024,Winter,LC08_147040_20240127,27-01-2024,0.38,Started
Landsat8_DelhiAirport_2024_Summer_001,Landsat8,DelhiAirport,2024,Summer,LC08_147040_20240518,18-05-2024,0,Started
Landsat8_DelhiAirport_2024_Summer_002,Landsat8,DelhiAirport,2024,Summer,LC08_147040_20240603,03-06-2024,0,Started
Landsat8_DelhiAirport_2024_Summer_003,Landsat8,DelhiAirport,2024,Summer,LC08_146040_20240612,12-06-2024,0.01,Started
Landsat8_DelhiAirport_2024_PostMonsoon_001,Landsat8,DelhiAirport,2024,PostMonsoon,LC08_147040_20241025,25-10-2024,0.02,Started
Landsat8_DelhiAirport_2024_PostMonsoon_002,Landsat8,DelhiAirport,2024,PostMonsoon,LC08_147040_20241009,09-10-2024,0.15,Started
Landsat8_DelhiAirport_2024_PostMonsoon_003,Landsat8,DelhiAirport,2024,PostMonsoon,LC08_146040_20241205,05-12-2024,0.2,Started
Landsat8_BengaluruAirport_2023_Winter_001,Landsat8,BengaluruAirport,2023,Winter,LC08_144051_20230119,19-01-2023,0.06,Started
Landsat8_BengaluruAirport_2023_Winter_002,Landsat8,BengaluruAirport,2023,Winter,LC08_144051_20230204,04-02-2023,0.85,Started
Landsat8_BengaluruAirport_2023_Winter_003,Landsat8,BengaluruAirport,2023,Winter,LC08_144051_20230220,20-02-2023,2.52,Started
Landsat8_BengaluruAirport_2023_Summer_001,Landsat8,BengaluruAirport,2023,Summer,LC08_144051_20230409,09-04-2023,0.72,Started
Landsat8_BengaluruAirport_2023_Summer_002,Landsat8,BengaluruAirport,2023,Summer,LC08_144051_20230527,27-05-2023,1.09,Started
Landsat8_BengaluruAirport_2023_PostMonsoon_001,Landsat8,BengaluruAirport,2023,PostMonsoon,LC08_144051_20231018,18-10-2023,0.69,Started
Landsat8_BengaluruAirport_2024_Winter_001,Landsat8,BengaluruAirport,2024,Winter,LC08_144051_20240207,07-02-2024,0,Started
Landsat8_BengaluruAirport_2024_Winter_002,Landsat8,BengaluruAirport,2024,Winter,LC08_144051_20240122,22-01-2024,0.68,Started
Landsat8_BengaluruAirport_2024_Winter_003,Landsat8,BengaluruAirport,2024,Winter,LC08_144051_20240223,23-02-2024,0.71,Started
Landsat8_BengaluruAirport_2024_Summer_001,Landsat8,BengaluruAirport,2024,Summer,LC08_144051_20240427,27-04-2024,0,Started
Landsat8_BengaluruAirport_2024_Summer_002,Landsat8,BengaluruAirport,2024,Summer,LC08_144051_20240411,11-04-2024,0.15,Started
Landsat8_ChennaiPort_2023_Winter_001,Landsat8,ChennaiPort,2023,Winter,LC08_142051_20230222,22-02-2023,0.27,Started
Landsat8_ChennaiPort_2023_Monsoon_001,Landsat8,ChennaiPort,2023,Monsoon,LC08_142051_20230902,02-09-2023,1.12,Started
Landsat8_ChennaiPort_2024_Summer_001,Landsat8,ChennaiPort,2024,Summer,LC08_142051_20240531,31-05-2024,2.34,Started
Landsat8_ChennaiPort_2024_Summer_002,Landsat8,ChennaiPort,2024,Summer,LC08_142051_20240429,29-04-2024,4.53,Started
Landsat8_MumbaiPort_2023_Winter_001,Landsat8,MumbaiPort,2023,Winter,LC08_148047_20230115,15-01-2023,0,Started
Landsat8_MumbaiPort_2023_Winter_002,Landsat8,MumbaiPort,2023,Winter,LC08_148047_20230216,16-02-2023,0,Started
Landsat8_MumbaiPort_2023_Winter_003,Landsat8,MumbaiPort,2023,Winter,LC08_148047_20230131,31-01-2023,0.05,Started
Landsat8_MumbaiPort_2023_Summer_001,Landsat8,MumbaiPort,2023,Summer,LC08_148047_20230421,21-04-2023,0.13,Started
Landsat8_MumbaiPort_2023_Summer_002,Landsat8,MumbaiPort,2023,Summer,LC08_148047_20230405,05-04-2023,2.71,Started
Landsat8_MumbaiPort_2023_Summer_003,Landsat8,MumbaiPort,2023,Summer,LC08_148047_20230523,23-05-2023,4.08,Started
Landsat8_MumbaiPort_2023_PostMonsoon_001,Landsat8,MumbaiPort,2023,PostMonsoon,LC08_148047_20231115,15-11-2023,0,Started
Landsat8_MumbaiPort_2023_PostMonsoon_002,Landsat8,MumbaiPort,2023,PostMonsoon,LC08_148047_20231030,30-10-2023,3.27,Started
Landsat8_MumbaiPort_2023_PostMonsoon_003,Landsat8,MumbaiPort,2023,PostMonsoon,LC08_148047_20231014,14-10-2023,4.5,Started
Landsat8_MumbaiPort_2024_Winter_001,Landsat8,MumbaiPort,2024,Winter,LC08_148047_20240219,19-02-2024,0,Started
Landsat8_MumbaiPort_2024_Winter_002,Landsat8,MumbaiPort,2024,Winter,LC08_148047_20240203,03-02-2024,0.01,Started
Landsat8_MumbaiPort_2024_Winter_003,Landsat8,MumbaiPort,2024,Winter,LC08_148047_20240102,02-01-2024,0.03,Started
Landsat8_MumbaiPort_2024_Summer_001,Landsat8,MumbaiPort,2024,Summer,LC08_148047_20240407,07-04-2024,0.1,Started
Landsat8_MumbaiPort_2024_Summer_002,Landsat8,MumbaiPort,2024,Summer,LC08_148047_20240423,23-04-2024,2.13,Started
Landsat8_MundraPort_2023_Winter_001,Landsat8,MundraPort,2023,Winter,LC08_150044_20230214,14-02-2023,1.24,Started
Landsat8_MundraPort_2023_Winter_002,Landsat8,MundraPort,2023,Winter,LC08_150044_20230113,13-01-2023,4.34,Started
Landsat8_MundraPort_2023_Summer_001,Landsat8,MundraPort,2023,Summer,LC08_150044_20230521,21-05-2023,0.52,Started
Landsat8_MundraPort_2023_Summer_002,Landsat8,MundraPort,2023,Summer,LC08_150044_20230505,05-05-2023,0.55,Started
Landsat8_MundraPort_2023_PostMonsoon_001,Landsat8,MundraPort,2023,PostMonsoon,LC08_150044_20231129,29-11-2023,1.49,Started
Landsat8_MundraPort_2023_PostMonsoon_002,Landsat8,MundraPort,2023,PostMonsoon,LC08_150044_20231012,12-10-2023,4.5,Started
Landsat8_MundraPort_2024_Summer_001,Landsat8,MundraPort,2024,Summer,LC08_150044_20240523,23-05-2024,0.01,Started
Landsat8_MundraPort_2024_Summer_002,Landsat8,MundraPort,2024,Summer,LC08_150044_20240507,07-05-2024,0.74,Started
Landsat8_MundraPort_2024_Summer_003,Landsat8,MundraPort,2024,Summer,LC08_150044_20240421,21-04-2024,3.53,Started
Landsat8_MundraPort_2024_PostMonsoon_001,Landsat8,MundraPort,2024,PostMonsoon,LC08_150044_20241030,30-10-2024,0,Started
Landsat8_MundraPort_2024_PostMonsoon_002,Landsat8,MundraPort,2024,PostMonsoon,LC08_150044_20241115,15-11-2024,0.18,Started
Landsat8_MundraPort_2024_PostMonsoon_003,Landsat8,MundraPort,2024,PostMonsoon,LC08_150044_20241201,01-12-2024,4.79,Started
Landsat9_Jamshedpur_2023_Winter_001,Landsat9,Jamshedpur,2023,Winter,LC09_140044_20230216,16-02-2023,0.03,Started
Landsat9_Jamshedpur_2023_Winter_002,Landsat9,Jamshedpur,2023,Winter,LC09_140044_20230115,15-01-2023,0.05,Started
Landsat9_Jamshedpur_2023_Winter_003,Landsat9,Jamshedpur,2023,Winter,LC09_139044_20230108,08-01-2023,0.15,Started
Landsat9_Jamshedpur_2023_Summer_001,Landsat9,Jamshedpur,2023,Summer,LC09_139044_20230414,14-04-2023,0,Started
Landsat9_Jamshedpur_2023_Summer_002,Landsat9,Jamshedpur,2023,Summer,LC09_139045_20230414,14-04-2023,0,Started
Landsat9_Jamshedpur_2023_Summer_003,Landsat9,Jamshedpur,2023,Summer,LC09_140044_20230507,07-05-2023,0.02,Started
Landsat9_Jamshedpur_2023_PostMonsoon_001,Landsat9,Jamshedpur,2023,PostMonsoon,LC09_139045_20231124,24-11-2023,0,Started
Landsat9_Jamshedpur_2023_PostMonsoon_002,Landsat9,Jamshedpur,2023,PostMonsoon,LC09_139044_20231210,10-12-2023,0.01,Started
Landsat9_Jamshedpur_2023_PostMonsoon_003,Landsat9,Jamshedpur,2023,PostMonsoon,LC09_139045_20231108,08-11-2023,0.02,Started
Landsat9_Jamshedpur_2024_Winter_001,Landsat9,Jamshedpur,2024,Winter,LC09_140044_20240203,03-02-2024,0,Started
Landsat9_Jamshedpur_2024_Winter_002,Landsat9,Jamshedpur,2024,Winter,LC09_139045_20240111,11-01-2024,0.45,Started
Landsat9_Jamshedpur_2024_Winter_003,Landsat9,Jamshedpur,2024,Winter,LC09_140044_20240102,02-01-2024,1.26,Started
Landsat9_Jamshedpur_2024_Summer_001,Landsat9,Jamshedpur,2024,Summer,LC09_139044_20240502,02-05-2024,0.01,Started
Landsat9_Jamshedpur_2024_Summer_002,Landsat9,Jamshedpur,2024,Summer,LC09_139044_20240416,16-04-2024,0.02,Started
Landsat9_Jamshedpur_2024_Summer_003,Landsat9,Jamshedpur,2024,Summer,LC09_139045_20240416,16-04-2024,0.21,Started
Landsat9_Jamshedpur_2024_PostMonsoon_001,Landsat9,Jamshedpur,2024,PostMonsoon,LC09_140044_20241117,17-11-2024,0,Started
Landsat9_Jamshedpur_2024_PostMonsoon_002,Landsat9,Jamshedpur,2024,PostMonsoon,LC09_139045_20241212,12-12-2024,0.04,Started
Landsat9_Jamshedpur_2024_PostMonsoon_003,Landsat9,Jamshedpur,2024,PostMonsoon,LC09_139044_20241126,26-11-2024,0.05,Started
Landsat9_Hazira_2023_Winter_001,Landsat9,Hazira,2023,Winter,LC09_148046_20230208,08-02-2023,0,Started
Landsat9_Hazira_2023_Winter_002,Landsat9,Hazira,2023,Winter,LC09_148046_20230224,24-02-2023,0,Started
Landsat9_Hazira_2023_Winter_003,Landsat9,Hazira,2023,Winter,LC09_148045_20230224,24-02-2023,0.01,Started
Landsat9_Hazira_2023_Summer_001,Landsat9,Hazira,2023,Summer,LC09_148045_20230531,31-05-2023,0.16,Started
Landsat9_Hazira_2023_Summer_002,Landsat9,Hazira,2023,Summer,LC09_148046_20230531,31-05-2023,0.51,Started
Landsat9_Hazira_2023_PostMonsoon_001,Landsat9,Hazira,2023,PostMonsoon,LC09_148046_20231209,09-12-2023,0.02,Started
Landsat9_Hazira_2023_PostMonsoon_002,Landsat9,Hazira,2023,PostMonsoon,LC09_148046_20231123,23-11-2023,0.03,Started
Landsat9_Hazira_2023_PostMonsoon_003,Landsat9,Hazira,2023,PostMonsoon,LC09_148045_20231123,23-11-2023,0.06,Started
Landsat9_Hazira_2024_Winter_001,Landsat9,Hazira,2024,Winter,LC09_148046_20240211,11-02-2024,0.04,Started
Landsat9_Hazira_2024_Winter_002,Landsat9,Hazira,2024,Winter,LC09_148045_20240227,27-02-2024,2.46,Started
Landsat9_Hazira_2024_Winter_003,Landsat9,Hazira,2024,Winter,LC09_148045_20240211,11-02-2024,2.96,Started
Landsat9_Hazira_2024_Summer_001,Landsat9,Hazira,2024,Summer,LC09_148045_20240501,01-05-2024,0,Started
Landsat9_Hazira_2024_Summer_002,Landsat9,Hazira,2024,Summer,LC09_148046_20240501,01-05-2024,0.01,Started
Landsat9_Hazira_2024_Summer_003,Landsat9,Hazira,2024,Summer,LC09_148046_20240415,15-04-2024,0.04,Started
Landsat9_Hazira_2024_PostMonsoon_001,Landsat9,Hazira,2024,PostMonsoon,LC09_148046_20241109,09-11-2024,0.01,Started
Landsat9_Hazira_2024_PostMonsoon_002,Landsat9,Hazira,2024,PostMonsoon,LC09_148046_20241211,11-12-2024,0.01,Started
Landsat9_Hazira_2024_PostMonsoon_003,Landsat9,Hazira,2024,PostMonsoon,LC09_148045_20241109,09-11-2024,0.02,Started
Landsat9_VizagIndustrial_2023_Winter_001,Landsat9,VizagIndustrial,2023,Winter,LC09_141048_20230223,23-02-2023,1.64,Started
Landsat9_VizagIndustrial_2023_Winter_002,Landsat9,VizagIndustrial,2023,Winter,LC09_141048_20230207,07-02-2023,4.41,Started
Landsat9_VizagIndustrial_2023_Winter_003,Landsat9,VizagIndustrial,2023,Winter,LC09_141048_20230106,06-01-2023,4.98,Started
Landsat9_VizagIndustrial_2023_Summer_001,Landsat9,VizagIndustrial,2023,Summer,LC09_141048_20230412,12-04-2023,0.04,Started
Landsat9_VizagIndustrial_2024_Summer_001,Landsat9,VizagIndustrial,2024,Summer,LC09_141048_20240414,14-04-2024,0.31,Started
Landsat9_VizagIndustrial_2024_Summer_002,Landsat9,VizagIndustrial,2024,Summer,LC09_141048_20240430,30-04-2024,1.51,Started
Landsat9_ChennaiAirport_2023_Winter_001,Landsat9,ChennaiAirport,2023,Winter,LC09_142051_20230214,14-02-2023,2.59,Started
Landsat9_ChennaiAirport_2023_Summer_001,Landsat9,ChennaiAirport,2023,Summer,LC09_142051_20230419,19-04-2023,2.54,Started
Landsat9_ChennaiAirport_2024_Winter_001,Landsat9,ChennaiAirport,2024,Winter,LC09_142051_20240116,16-01-2024,1.19,Started
Landsat9_ChennaiAirport_2024_Monsoon_001,Landsat9,ChennaiAirport,2024,Monsoon,LC09_142051_20240912,12-09-2024,3.66,Started
Landsat9_DelhiAirport_2023_Winter_001,Landsat9,DelhiAirport,2023,Winter,LC09_146040_20230226,26-02-2023,0.05,Started
Landsat9_DelhiAirport_2023_Winter_002,Landsat9,DelhiAirport,2023,Winter,LC09_147040_20230116,16-01-2023,0.14,Started
Landsat9_DelhiAirport_2023_Winter_003,Landsat9,DelhiAirport,2023,Winter,LC09_146040_20230210,10-02-2023,0.74,Started
Landsat9_DelhiAirport_2023_Summer_001,Landsat9,DelhiAirport,2023,Summer,LC09_146040_20230415,15-04-2023,0.01,Started
Landsat9_DelhiAirport_2023_Summer_002,Landsat9,DelhiAirport,2023,Summer,LC09_147040_20230406,06-04-2023,0.01,Started
Landsat9_DelhiAirport_2023_Summer_003,Landsat9,DelhiAirport,2023,Summer,LC09_147040_20230422,22-04-2023,0.04,Started
Landsat9_DelhiAirport_2023_PostMonsoon_001,Landsat9,DelhiAirport,2023,PostMonsoon,LC09_146040_20231024,24-10-2023,0.07,Started
Landsat9_DelhiAirport_2023_PostMonsoon_002,Landsat9,DelhiAirport,2023,PostMonsoon,LC09_146040_20231008,08-10-2023,0.09,Started
Landsat9_DelhiAirport_2023_PostMonsoon_003,Landsat9,DelhiAirport,2023,PostMonsoon,LC09_146040_20231211,11-12-2023,1.22,Started
Landsat9_DelhiAirport_2024_Summer_001,Landsat9,DelhiAirport,2024,Summer,LC09_147040_20240408,08-04-2024,0,Started
Landsat9_DelhiAirport_2024_Summer_002,Landsat9,DelhiAirport,2024,Summer,LC09_147040_20240424,24-04-2024,0,Started
Landsat9_DelhiAirport_2024_Summer_003,Landsat9,DelhiAirport,2024,Summer,LC09_147040_20240526,26-05-2024,0,Started
Landsat9_DelhiAirport_2024_PostMonsoon_001,Landsat9,DelhiAirport,2024,PostMonsoon,LC09_147040_20241102,02-11-2024,0.01,Started
Landsat9_DelhiAirport_2024_PostMonsoon_002,Landsat9,DelhiAirport,2024,PostMonsoon,LC09_147040_20241204,04-12-2024,0.09,Started
Landsat9_DelhiAirport_2024_PostMonsoon_003,Landsat9,DelhiAirport,2024,PostMonsoon,LC09_146040_20241010,10-10-2024,0.18,Started
Landsat9_BengaluruAirport_2023_Winter_001,Landsat9,BengaluruAirport,2023,Winter,LC09_144051_20230111,11-01-2023,0.04,Started
Landsat9_BengaluruAirport_2023_Winter_002,Landsat9,BengaluruAirport,2023,Winter,LC09_144051_20230127,27-01-2023,0.13,Started
Landsat9_BengaluruAirport_2023_Winter_003,Landsat9,BengaluruAirport,2023,Winter,LC09_144051_20230212,12-02-2023,0.78,Started
Landsat9_BengaluruAirport_2023_Summer_001,Landsat9,BengaluruAirport,2023,Summer,LC09_144051_20230417,17-04-2023,0.1,Started
Landsat9_BengaluruAirport_2023_Summer_002,Landsat9,BengaluruAirport,2023,Summer,LC09_144051_20230519,19-05-2023,4.39,Started
Landsat9_BengaluruAirport_2023_PostMonsoon_001,Landsat9,BengaluruAirport,2023,PostMonsoon,LC09_144051_20231111,11-11-2023,0.24,Started
Landsat9_BengaluruAirport_2024_Winter_001,Landsat9,BengaluruAirport,2024,Winter,LC09_144051_20240114,14-01-2024,0.46,Started
Landsat9_BengaluruAirport_2024_Winter_002,Landsat9,BengaluruAirport,2024,Winter,LC09_144051_20240215,15-02-2024,1.33,Started
Landsat9_BengaluruAirport_2024_Winter_003,Landsat9,BengaluruAirport,2024,Winter,LC09_144051_20240130,30-01-2024,2.65,Started
Landsat9_BengaluruAirport_2024_Summer_001,Landsat9,BengaluruAirport,2024,Summer,LC09_144051_20240505,05-05-2024,0.02,Started
Landsat9_BengaluruAirport_2024_Summer_002,Landsat9,BengaluruAirport,2024,Summer,LC09_144051_20240403,03-04-2024,2.06,Started
Landsat9_BengaluruAirport_2024_PostMonsoon_001,Landsat9,BengaluruAirport,2024,PostMonsoon,LC09_144051_20241028,28-10-2024,4.48,Started
Landsat9_ChennaiPort_2023_Winter_001,Landsat9,ChennaiPort,2023,Winter,LC09_142051_20230214,14-02-2023,2.59,Started
Landsat9_ChennaiPort_2023_Summer_001,Landsat9,ChennaiPort,2023,Summer,LC09_142051_20230419,19-04-2023,2.54,Started
Landsat9_ChennaiPort_2024_Winter_001,Landsat9,ChennaiPort,2024,Winter,LC09_142051_20240116,16-01-2024,1.19,Started
Landsat9_ChennaiPort_2024_Monsoon_001,Landsat9,ChennaiPort,2024,Monsoon,LC09_142051_20240912,12-09-2024,3.66,Started
Landsat9_MumbaiPort_2023_Winter_001,Landsat9,MumbaiPort,2023,Winter,LC09_148047_20230224,24-02-2023,0,Started
Landsat9_MumbaiPort_2023_Winter_002,Landsat9,MumbaiPort,2023,Winter,LC09_148047_20230208,08-02-2023,0.1,Started
Landsat9_MumbaiPort_2023_Winter_003,Landsat9,MumbaiPort,2023,Winter,LC09_148047_20230107,07-01-2023,0.17,Started
Landsat9_MumbaiPort_2023_Summer_001,Landsat9,MumbaiPort,2023,Summer,LC09_148047_20230531,31-05-2023,3.95,Started
Landsat9_MumbaiPort_2023_PostMonsoon_001,Landsat9,MumbaiPort,2023,PostMonsoon,LC09_148047_20231209,09-12-2023,0.03,Started
Landsat9_MumbaiPort_2023_PostMonsoon_002,Landsat9,MumbaiPort,2023,PostMonsoon,LC09_148047_20231022,22-10-2023,0.21,Started
Landsat9_MumbaiPort_2024_Winter_001,Landsat9,MumbaiPort,2024,Winter,LC09_148047_20240211,11-02-2024,0,Started
Landsat9_MumbaiPort_2024_Winter_002,Landsat9,MumbaiPort,2024,Winter,LC09_148047_20240126,26-01-2024,4.04,Started
Landsat9_MumbaiPort_2024_Winter_003,Landsat9,MumbaiPort,2024,Winter,LC09_148047_20240227,27-02-2024,4.3,Started
Landsat9_MumbaiPort_2024_Summer_001,Landsat9,MumbaiPort,2024,Summer,LC09_148047_20240415,15-04-2024,0.04,Started
Landsat9_MumbaiPort_2024_Summer_002,Landsat9,MumbaiPort,2024,Summer,LC09_148047_20240501,01-05-2024,1.29,Started
Landsat9_MumbaiPort_2024_Summer_003,Landsat9,MumbaiPort,2024,Summer,LC09_148047_20240517,17-05-2024,4.07,Started
Landsat9_MumbaiPort_2024_PostMonsoon_001,Landsat9,MumbaiPort,2024,PostMonsoon,LC09_148047_20241024,24-10-2024,0,Started
Landsat9_MumbaiPort_2024_PostMonsoon_002,Landsat9,MumbaiPort,2024,PostMonsoon,LC09_148047_20241109,09-11-2024,0,Started
Landsat9_MumbaiPort_2024_PostMonsoon_003,Landsat9,MumbaiPort,2024,PostMonsoon,LC09_148047_20241211,11-12-2024,0.34,Started
Landsat9_MundraPort_2023_Winter_001,Landsat9,MundraPort,2023,Winter,LC09_150044_20230105,05-01-2023,3.46,Started
Landsat9_MundraPort_2023_Winter_002,Landsat9,MundraPort,2023,Winter,LC09_150044_20230121,21-01-2023,4,Started
Landsat9_MundraPort_2023_Summer_001,Landsat9,MundraPort,2023,Summer,LC09_150044_20230513,13-05-2023,0,Started
Landsat9_MundraPort_2023_Summer_002,Landsat9,MundraPort,2023,Summer,LC09_150044_20230411,11-04-2023,0.67,Started
Landsat9_MundraPort_2023_Summer_003,Landsat9,MundraPort,2023,Summer,LC09_150044_20230427,27-04-2023,2.97,Started
Landsat9_MundraPort_2023_PostMonsoon_001,Landsat9,MundraPort,2023,PostMonsoon,LC09_150044_20231004,04-10-2023,0,Started
Landsat9_MundraPort_2023_PostMonsoon_002,Landsat9,MundraPort,2023,PostMonsoon,LC09_150044_20231020,20-10-2023,0.04,Started
Landsat9_MundraPort_2023_PostMonsoon_003,Landsat9,MundraPort,2023,PostMonsoon,LC09_150044_20231105,05-11-2023,0.11,Started
Landsat9_MundraPort_2024_Winter_001,Landsat9,MundraPort,2024,Winter,LC09_150044_20240209,09-02-2024,2.45,Started
Landsat9_MundraPort_2024_Winter_002,Landsat9,MundraPort,2024,Winter,LC09_150044_20240225,25-02-2024,3.33,Started
Landsat9_MundraPort_2024_Winter_003,Landsat9,MundraPort,2024,Winter,LC09_150044_20240124,24-01-2024,3.8,Started
Landsat9_MundraPort_2024_Summer_001,Landsat9,MundraPort,2024,Summer,LC09_150044_20240515,15-05-2024,0.09,Started
Landsat9_MundraPort_2024_Summer_002,Landsat9,MundraPort,2024,Summer,LC09_150044_20240531,31-05-2024,4.4,Started
Landsat9_MundraPort_2024_PostMonsoon_001,Landsat9,MundraPort,2024,PostMonsoon,LC09_150044_20241107,07-11-2024,0,Started
Landsat9_MundraPort_2024_PostMonsoon_002,Landsat9,MundraPort,2024,PostMonsoon,LC09_150044_20241209,09-12-2024,3.15,Started
Landsat9_MundraPort_2024_PostMonsoon_003,Landsat9,MundraPort,2024,PostMonsoon,LC09_150044_20241022,22-10-2024,4.77,Started
Landsat8_Punjab_Farmland_2023_Winter_001,Landsat8,Punjab_Farmland,2023,Winter,LC08_148039_20230115,15-01-2023,0,Started
Landsat8_Punjab_Farmland_2023_Summer_001,Landsat8,Punjab_Farmland,2023,Summer,LC08_148039_20230421,21-04-2023,0,Started
Landsat8_Punjab_Farmland_2023_Summer_002,Landsat8,Punjab_Farmland,2023,Summer,LC08_148039_20230405,05-04-2023,0.04,Started
Landsat8_Punjab_Farmland_2023_Summer_003,Landsat8,Punjab_Farmland,2023,Summer,LC08_148039_20230507,07-05-2023,0.05,Started
Landsat8_Punjab_Farmland_2023_PostMonsoon_001,Landsat8,Punjab_Farmland,2023,PostMonsoon,LC08_148039_20231201,01-12-2023,0.05,Started
Landsat8_Punjab_Farmland_2023_PostMonsoon_002,Landsat8,Punjab_Farmland,2023,PostMonsoon,LC08_148039_20231115,15-11-2023,0.17,Started
Landsat8_Punjab_Farmland_2023_PostMonsoon_003,Landsat8,Punjab_Farmland,2023,PostMonsoon,LC08_148038_20231115,15-11-2023,0.47,Started
Landsat8_Punjab_Farmland_2024_Summer_001,Landsat8,Punjab_Farmland,2024,Summer,LC08_148039_20240407,07-04-2024,0,Started
Landsat8_Punjab_Farmland_2024_Summer_002,Landsat8,Punjab_Farmland,2024,Summer,LC08_148039_20240509,09-05-2024,0.04,Started
Landsat8_Punjab_Farmland_2024_Summer_003,Landsat8,Punjab_Farmland,2024,Summer,LC08_148039_20240525,25-05-2024,0.13,Started
Landsat8_Punjab_Farmland_2024_Monsoon_001,Landsat8,Punjab_Farmland,2024,Monsoon,LC08_148039_20240914,14-09-2024,2.58,Started
Landsat8_Punjab_Farmland_2024_Monsoon_002,Landsat8,Punjab_Farmland,2024,Monsoon,LC08_148038_20240914,14-09-2024,3.66,Started
Landsat8_Punjab_Farmland_2024_PostMonsoon_001,Landsat8,Punjab_Farmland,2024,PostMonsoon,LC08_148039_20241101,01-11-2024,0.03,Started
Landsat8_Punjab_Farmland_2024_PostMonsoon_002,Landsat8,Punjab_Farmland,2024,PostMonsoon,LC08_148038_20241101,01-11-2024,3.06,Started
Landsat8_TamilNadu_Farmland_2023_Winter_001,Landsat8,TamilNadu_Farmland,2023,Winter,LC08_143052_20230213,13-02-2023,0.15,Started
Landsat8_TamilNadu_Farmland_2023_Winter_002,Landsat8,TamilNadu_Farmland,2023,Winter,LC08_143052_20230112,12-01-2023,0.78,Started
Landsat8_TamilNadu_Farmland_2023_Winter_003,Landsat8,TamilNadu_Farmland,2023,Winter,LC08_142052_20230222,22-02-2023,0.98,Started
Landsat8_TamilNadu_Farmland_2023_Summer_001,Landsat8,TamilNadu_Farmland,2023,Summer,LC08_143052_20230418,18-04-2023,0.07,Started
Landsat8_TamilNadu_Farmland_2023_Summer_002,Landsat8,TamilNadu_Farmland,2023,Summer,LC08_143052_20230520,20-05-2023,0.24,Started
Landsat8_TamilNadu_Farmland_2023_Summer_003,Landsat8,TamilNadu_Farmland,2023,Summer,LC08_142053_20230614,14-06-2023,0.74,Started
Landsat8_TamilNadu_Farmland_2023_Monsoon_001,Landsat8,TamilNadu_Farmland,2023,Monsoon,LC08_143053_20230824,24-08-2023,3.88,Started
Landsat8_TamilNadu_Farmland_2023_PostMonsoon_001,Landsat8,TamilNadu_Farmland,2023,PostMonsoon,LC08_142052_20231004,04-10-2023,0.96,Started
Landsat8_TamilNadu_Farmland_2024_Winter_001,Landsat8,TamilNadu_Farmland,2024,Winter,LC08_143052_20240131,31-01-2024,4.44,Started
Landsat8_TamilNadu_Farmland_2024_Summer_001,Landsat8,TamilNadu_Farmland,2024,Summer,LC08_142052_20240531,31-05-2024,1.56,Started
Landsat8_TamilNadu_Farmland_2024_Summer_002,Landsat8,TamilNadu_Farmland,2024,Summer,LC08_143052_20240506,06-05-2024,2.94,Started
Landsat8_Haryana_Farmland_2023_Winter_001,Landsat8,Haryana_Farmland,2023,Winter,LC08_147040_20230225,25-02-2023,0.04,Started
Landsat8_Haryana_Farmland_2023_Summer_001,Landsat8,Haryana_Farmland,2023,Summer,LC08_147040_20230414,14-04-2023,0.51,Started
Landsat8_Haryana_Farmland_2023_Monsoon_001,Landsat8,Haryana_Farmland,2023,Monsoon,LC08_147040_20230905,05-09-2023,1.87,Started
Landsat8_Haryana_Farmland_2023_Monsoon_002,Landsat8,Haryana_Farmland,2023,Monsoon,LC08_147040_20230703,03-07-2023,4.78,Started
Landsat8_Haryana_Farmland_2023_PostMonsoon_001,Landsat8,Haryana_Farmland,2023,PostMonsoon,LC08_147040_20231007,07-10-2023,0.01,Started
Landsat8_Haryana_Farmland_2023_PostMonsoon_002,Landsat8,Haryana_Farmland,2023,PostMonsoon,LC08_147040_20231023,23-10-2023,0.5,Started
Landsat8_Haryana_Farmland_2023_PostMonsoon_003,Landsat8,Haryana_Farmland,2023,PostMonsoon,LC08_147040_20231210,10-12-2023,3.1,Started
Landsat8_Haryana_Farmland_2024_Winter_001,Landsat8,Haryana_Farmland,2024,Winter,LC08_147040_20240127,27-01-2024,0.38,Started
Landsat8_Haryana_Farmland_2024_Summer_001,Landsat8,Haryana_Farmland,2024,Summer,LC08_147040_20240518,18-05-2024,0,Started
Landsat8_Haryana_Farmland_2024_Summer_002,Landsat8,Haryana_Farmland,2024,Summer,LC08_147040_20240603,03-06-2024,0,Started
Landsat8_Haryana_Farmland_2024_Summer_003,Landsat8,Haryana_Farmland,2024,Summer,LC08_147040_20240502,02-05-2024,0.91,Started
Landsat8_Haryana_Farmland_2024_PostMonsoon_001,Landsat8,Haryana_Farmland,2024,PostMonsoon,LC08_147040_20241025,25-10-2024,0.02,Started
Landsat8_Haryana_Farmland_2024_PostMonsoon_002,Landsat8,Haryana_Farmland,2024,PostMonsoon,LC08_147040_20241009,09-10-2024,0.15,Started
Landsat8_Haryana_Farmland_2024_PostMonsoon_003,Landsat8,Haryana_Farmland,2024,PostMonsoon,LC08_147040_20241212,12-12-2024,0.56,Started
Landsat8_Andhra_Farmland_2023_Winter_001,Landsat8,Andhra_Farmland,2023,Winter,LC08_142049_20230222,22-02-2023,0.19,Started
Landsat8_Andhra_Farmland_2023_Summer_001,Landsat8,Andhra_Farmland,2023,Summer,LC08_142049_20230411,11-04-2023,0.49,Started
Landsat8_Andhra_Farmland_2024_Summer_001,Landsat8,Andhra_Farmland,2024,Summer,LC08_142049_20240429,29-04-2024,2.87,Started
Landsat8_Maharashtra_Farmland_2023_Winter_001,Landsat8,Maharashtra_Farmland,2023,Winter,LC08_146046_20230218,18-02-2023,0,Started
Landsat8_Maharashtra_Farmland_2023_Winter_002,Landsat8,Maharashtra_Farmland,2023,Winter,LC08_147046_20230209,09-02-2023,0,Started
Landsat8_Maharashtra_Farmland_2023_Winter_003,Landsat8,Maharashtra_Farmland,2023,Winter,LC08_146046_20230101,01-01-2023,0.01,Started
Landsat8_Maharashtra_Farmland_2023_Summer_001,Landsat8,Maharashtra_Farmland,2023,Summer,LC08_147046_20230601,01-06-2023,0.01,Started
Landsat8_Maharashtra_Farmland_2023_Summer_002,Landsat8,Maharashtra_Farmland,2023,Summer,LC08_146046_20230525,25-05-2023,0.18,Started
Landsat8_Maharashtra_Farmland_2023_Summer_003,Landsat8,Maharashtra_Farmland,2023,Summer,LC08_146046_20230610,10-06-2023,0.2,Started
Landsat8_Maharashtra_Farmland_2023_PostMonsoon_001,Landsat8,Maharashtra_Farmland,2023,PostMonsoon,LC08_147046_20231210,10-12-2023,0.02,Started
Landsat8_Maharashtra_Farmland_2023_PostMonsoon_002,Landsat8,Maharashtra_Farmland,2023,PostMonsoon,LC08_146046_20231117,17-11-2023,0.1,Started
Landsat8_Maharashtra_Farmland_2023_PostMonsoon_003,Landsat8,Maharashtra_Farmland,2023,PostMonsoon,LC08_146046_20231101,01-11-2023,1.33,Started
Landsat8_Maharashtra_Farmland_2024_Winter_001,Landsat8,Maharashtra_Farmland,2024,Winter,LC08_146046_20240221,21-02-2024,0,Started
Landsat8_Maharashtra_Farmland_2024_Winter_002,Landsat8,Maharashtra_Farmland,2024,Winter,LC08_146046_20240205,05-02-2024,0.1,Started
Landsat8_Maharashtra_Farmland_2024_Winter_003,Landsat8,Maharashtra_Farmland,2024,Winter,LC08_147046_20240111,11-01-2024,0.47,Started
Landsat8_Maharashtra_Farmland_2024_Summer_001,Landsat8,Maharashtra_Farmland,2024,Summer,LC08_147046_20240502,02-05-2024,0,Started
Landsat8_Maharashtra_Farmland_2024_Summer_002,Landsat8,Maharashtra_Farmland,2024,Summer,LC08_147046_20240518,18-05-2024,0.05,Started
Landsat8_Maharashtra_Farmland_2024_Summer_003,Landsat8,Maharashtra_Farmland,2024,Summer,LC08_146046_20240409,09-04-2024,0.3,Started
Landsat8_Maharashtra_Farmland_2024_PostMonsoon_001,Landsat8,Maharashtra_Farmland,2024,PostMonsoon,LC08_146046_20241103,03-11-2024,0.05,Started
Landsat8_Maharashtra_Farmland_2024_PostMonsoon_002,Landsat8,Maharashtra_Farmland,2024,PostMonsoon,LC08_147046_20241212,12-12-2024,0.06,Started
Landsat8_Maharashtra_Farmland_2024_PostMonsoon_003,Landsat8,Maharashtra_Farmland,2024,PostMonsoon,LC08_146046_20241119,19-11-2024,0.13,Started
Landsat8_Bihar_Farmland_2023_Winter_001,Landsat8,Bihar_Farmland,2023,Winter,LC08_141042_20230215,15-02-2023,0.01,Started
Landsat8_Bihar_Farmland_2023_Winter_002,Landsat8,Bihar_Farmland,2023,Winter,LC08_140043_20230224,24-02-2023,0.56,Started
Landsat8_Bihar_Farmland_2023_Winter_003,Landsat8,Bihar_Farmland,2023,Winter,LC08_140043_20230208,08-02-2023,0.82,Started
Landsat8_Bihar_Farmland_2023_Summer_001,Landsat8,Bihar_Farmland,2023,Summer,LC08_141042_20230607,07-06-2023,0,Started
Landsat8_Bihar_Farmland_2023_Summer_002,Landsat8,Bihar_Farmland,2023,Summer,LC08_141042_20230506,06-05-2023,0.04,Started
Landsat8_Bihar_Farmland_2023_Summer_003,Landsat8,Bihar_Farmland,2023,Summer,LC08_140043_20230413,13-04-2023,0.07,Started
Landsat8_Bihar_Farmland_2023_PostMonsoon_001,Landsat8,Bihar_Farmland,2023,PostMonsoon,LC08_141042_20231013,13-10-2023,0.03,Started
Landsat8_Bihar_Farmland_2023_PostMonsoon_002,Landsat8,Bihar_Farmland,2023,PostMonsoon,LC08_140042_20231022,22-10-2023,0.25,Started
Landsat8_Bihar_Farmland_2023_PostMonsoon_003,Landsat8,Bihar_Farmland,2023,PostMonsoon,LC08_140043_20231022,22-10-2023,0.5,Started
Landsat8_Bihar_Farmland_2024_Winter_001,Landsat8,Bihar_Farmland,2024,Winter,LC08_141042_20240202,02-02-2024,0,Started
Landsat8_Bihar_Farmland_2024_Winter_002,Landsat8,Bihar_Farmland,2024,Winter,LC08_141042_20240218,18-02-2024,0.06,Started
Landsat8_Bihar_Farmland_2024_Winter_003,Landsat8,Bihar_Farmland,2024,Winter,LC08_140042_20240211,11-02-2024,0.43,Started
Landsat8_Bihar_Farmland_2024_Summer_001,Landsat8,Bihar_Farmland,2024,Summer,LC08_140042_20240501,01-05-2024,0.09,Started
Landsat8_Bihar_Farmland_2024_Summer_002,Landsat8,Bihar_Farmland,2024,Summer,LC08_140043_20240501,01-05-2024,0.09,Started
Landsat8_Bihar_Farmland_2024_Summer_003,Landsat8,Bihar_Farmland,2024,Summer,LC08_140042_20240415,15-04-2024,0.94,Started
Landsat8_Bihar_Farmland_2024_PostMonsoon_001,Landsat8,Bihar_Farmland,2024,PostMonsoon,LC08_141042_20241202,02-12-2024,0.02,Started
Landsat8_Bihar_Farmland_2024_PostMonsoon_002,Landsat8,Bihar_Farmland,2024,PostMonsoon,LC08_140043_20241211,11-12-2024,0.25,Started
Landsat8_Bihar_Farmland_2024_PostMonsoon_003,Landsat8,Bihar_Farmland,2024,PostMonsoon,LC08_140042_20241125,25-11-2024,1.23,Started
Landsat8_WesternGhats_2023_Winter_001,Landsat8,WesternGhats,2023,Winter,LC08_144053_20230103,03-01-2023,1.28,Started
Landsat8_WesternGhats_2024_Winter_001,Landsat8,WesternGhats,2024,Winter,LC08_144053_20240207,07-02-2024,0.62,Started
Landsat8_WesternGhats_2024_Winter_002,Landsat8,WesternGhats,2024,Winter,LC08_144053_20240122,22-01-2024,1.69,Started
Landsat8_WesternGhats_2024_Winter_003,Landsat8,WesternGhats,2024,Winter,LC08_144053_20240223,23-02-2024,4.88,Started
Landsat8_Assam_Forest_2023_Winter_001,Landsat8,Assam_Forest,2023,Winter,LC08_137042_20230102,02-01-2023,1.22,Started
Landsat8_Assam_Forest_2023_Winter_002,Landsat8,Assam_Forest,2023,Winter,LC08_137042_20230203,03-02-2023,1.22,Started
Landsat8_Assam_Forest_2023_Winter_003,Landsat8,Assam_Forest,2023,Winter,LC08_137042_20230219,19-02-2023,3.28,Started
Landsat8_Assam_Forest_2023_Summer_001,Landsat8,Assam_Forest,2023,Summer,LC08_136042_20230417,17-04-2023,4.42,Started
Landsat8_Assam_Forest_2023_PostMonsoon_001,Landsat8,Assam_Forest,2023,PostMonsoon,LC08_137042_20231102,02-11-2023,0.23,Started
Landsat8_Assam_Forest_2023_PostMonsoon_002,Landsat8,Assam_Forest,2023,PostMonsoon,LC08_137042_20231017,17-10-2023,0.69,Started
Landsat8_Assam_Forest_2023_PostMonsoon_003,Landsat8,Assam_Forest,2023,PostMonsoon,LC08_136042_20231127,27-11-2023,3.69,Started
Landsat8_Assam_Forest_2024_Winter_001,Landsat8,Assam_Forest,2024,Winter,LC08_137042_20240105,05-01-2024,2.45,Started
Landsat8_Assam_Forest_2024_PostMonsoon_001,Landsat8,Assam_Forest,2024,PostMonsoon,LC08_136042_20241129,29-11-2024,0.56,Started
Landsat8_Assam_Forest_2024_PostMonsoon_002,Landsat8,Assam_Forest,2024,PostMonsoon,LC08_137042_20241120,20-11-2024,1.04,Started
Landsat8_Nilgiris_2023_Summer_001,Landsat8,Nilgiris,2023,Summer,LC08_144052_20230527,27-05-2023,2.34,Started
Landsat8_Nilgiris_2024_Winter_001,Landsat8,Nilgiris,2024,Winter,LC08_144052_20240207,07-02-2024,0.06,Started
Landsat8_Nilgiris_2024_Winter_002,Landsat8,Nilgiris,2024,Winter,LC08_144052_20240223,23-02-2024,2.96,Started
Landsat8_Nilgiris_2024_Winter_003,Landsat8,Nilgiris,2024,Winter,LC08_144052_20240122,22-01-2024,3.69,Started
Landsat8_Nilgiris_2024_Summer_001,Landsat8,Nilgiris,2024,Summer,LC08_144052_20240427,27-04-2024,1.66,Started
Landsat8_Bandipur_2023_Summer_001,Landsat8,Bandipur,2023,Summer,LC08_144052_20230527,27-05-2023,2.34,Started
Landsat8_Bandipur_2024_Winter_001,Landsat8,Bandipur,2024,Winter,LC08_144052_20240207,07-02-2024,0.06,Started
Landsat8_Bandipur_2024_Winter_002,Landsat8,Bandipur,2024,Winter,LC08_144052_20240223,23-02-2024,2.96,Started
Landsat8_Bandipur_2024_Winter_003,Landsat8,Bandipur,2024,Winter,LC08_144052_20240122,22-01-2024,3.69,Started
Landsat8_Bandipur_2024_Summer_001,Landsat8,Bandipur,2024,Summer,LC08_144052_20240427,27-04-2024,1.66,Started
Landsat8_Kaziranga_2023_Winter_001,Landsat8,Kaziranga,2023,Winter,LC08_135042_20230120,20-01-2023,0.08,Started
Landsat8_Kaziranga_2023_Winter_002,Landsat8,Kaziranga,2023,Winter,LC08_135042_20230205,05-02-2023,2.26,Started
Landsat8_Kaziranga_2023_Winter_003,Landsat8,Kaziranga,2023,Winter,LC08_135042_20230104,04-01-2023,2.51,Started
Landsat8_Kaziranga_2023_Summer_001,Landsat8,Kaziranga,2023,Summer,LC08_135042_20230410,10-04-2023,1.23,Started
Landsat8_Kaziranga_2023_Summer_002,Landsat8,Kaziranga,2023,Summer,LC08_136042_20230417,17-04-2023,4.42,Started
Landsat8_Kaziranga_2023_PostMonsoon_001,Landsat8,Kaziranga,2023,PostMonsoon,LC08_136041_20231127,27-11-2023,1.78,Started
Landsat8_Kaziranga_2023_PostMonsoon_002,Landsat8,Kaziranga,2023,PostMonsoon,LC08_136042_20231127,27-11-2023,3.69,Started
Landsat8_Kaziranga_2023_PostMonsoon_003,Landsat8,Kaziranga,2023,PostMonsoon,LC08_136042_20231111,11-11-2023,4.64,Started
Landsat8_Kaziranga_2024_Winter_001,Landsat8,Kaziranga,2024,Winter,LC08_135042_20240107,07-01-2024,0.34,Started
Landsat8_Kaziranga_2024_Winter_002,Landsat8,Kaziranga,2024,Winter,LC08_135042_20240123,23-01-2024,1.83,Started
Landsat8_Kaziranga_2024_Winter_003,Landsat8,Kaziranga,2024,Winter,LC08_136041_20240114,14-01-2024,2.87,Started
Landsat8_Kaziranga_2024_PostMonsoon_001,Landsat8,Kaziranga,2024,PostMonsoon,LC08_136042_20241129,29-11-2024,0.56,Started
Landsat8_Kaziranga_2024_PostMonsoon_002,Landsat8,Kaziranga,2024,PostMonsoon,LC08_136041_20241129,29-11-2024,3.22,Started
Landsat8_Kaziranga_2024_PostMonsoon_003,Landsat8,Kaziranga,2024,PostMonsoon,LC08_135042_20241208,08-12-2024,3.73,Started
Landsat8_JimCorbett_2023_Winter_001,Landsat8,JimCorbett,2023,Winter,LC08_146040_20230117,17-01-2023,0.75,Started
Landsat8_JimCorbett_2023_Winter_002,Landsat8,JimCorbett,2023,Winter,LC08_146040_20230218,18-02-2023,0.77,Started
Landsat8_JimCorbett_2023_Winter_003,Landsat8,JimCorbett,2023,Winter,LC08_145040_20230211,11-02-2023,0.84,Started
Landsat8_JimCorbett_2023_Summer_001,Landsat8,JimCorbett,2023,Summer,LC08_146040_20230407,07-04-2023,0,Started
Landsat8_JimCorbett_2023_Summer_002,Landsat8,JimCorbett,2023,Summer,LC08_146040_20230610,10-06-2023,0.04,Started
Landsat8_JimCorbett_2023_Summer_003,Landsat8,JimCorbett,2023,Summer,LC08_145040_20230416,16-04-2023,0.06,Started
Landsat8_JimCorbett_2023_Monsoon_001,Landsat8,JimCorbett,2023,Monsoon,LC08_146040_20230829,29-08-2023,2.36,Started
Landsat8_JimCorbett_2023_PostMonsoon_001,Landsat8,JimCorbett,2023,PostMonsoon,LC08_146040_20231117,17-11-2023,0.08,Started
Landsat8_JimCorbett_2023_PostMonsoon_002,Landsat8,JimCorbett,2023,PostMonsoon,LC08_146040_20231101,01-11-2023,0.09,Started
Landsat8_JimCorbett_2023_PostMonsoon_003,Landsat8,JimCorbett,2023,PostMonsoon,LC08_145040_20231009,09-10-2023,0.52,Started
Landsat8_JimCorbett_2024_Winter_001,Landsat8,JimCorbett,2024,Winter,LC08_145039_20240129,29-01-2024,4.77,Started
Landsat8_JimCorbett_2024_Summer_001,Landsat8,JimCorbett,2024,Summer,LC08_146040_20240612,12-06-2024,0.01,Started
Landsat8_JimCorbett_2024_Summer_002,Landsat8,JimCorbett,2024,Summer,LC08_146040_20240527,27-05-2024,0.03,Started
Landsat8_JimCorbett_2024_Summer_003,Landsat8,JimCorbett,2024,Summer,LC08_146040_20240425,25-04-2024,0.06,Started
Landsat8_JimCorbett_2024_Monsoon_001,Landsat8,JimCorbett,2024,Monsoon,LC08_146039_20240831,31-08-2024,4.3,Started
Landsat8_JimCorbett_2024_PostMonsoon_001,Landsat8,JimCorbett,2024,PostMonsoon,LC08_145040_20241214,14-12-2024,0.02,Started
Landsat8_JimCorbett_2024_PostMonsoon_002,Landsat8,JimCorbett,2024,PostMonsoon,LC08_145040_20241011,11-10-2024,0.08,Started
Landsat8_JimCorbett_2024_PostMonsoon_003,Landsat8,JimCorbett,2024,PostMonsoon,LC08_145040_20241112,12-11-2024,0.2,Started
Landsat9_Punjab_Farmland_2023_Winter_001,Landsat9,Punjab_Farmland,2023,Winter,LC09_148038_20230224,24-02-2023,1.09,Started
Landsat9_Punjab_Farmland_2023_Winter_002,Landsat9,Punjab_Farmland,2023,Winter,LC09_148038_20230123,23-01-2023,4.27,Started
Landsat9_Punjab_Farmland_2023_Winter_003,Landsat9,Punjab_Farmland,2023,Winter,LC09_148039_20230224,24-02-2023,4.61,Started
Landsat9_Punjab_Farmland_2023_Summer_001,Landsat9,Punjab_Farmland,2023,Summer,LC09_148039_20230413,13-04-2023,0,Started
Landsat9_Punjab_Farmland_2023_Summer_002,Landsat9,Punjab_Farmland,2023,Summer,LC09_148038_20230413,13-04-2023,0.68,Started
Landsat9_Punjab_Farmland_2023_Summer_003,Landsat9,Punjab_Farmland,2023,Summer,LC09_148039_20230515,15-05-2023,3.65,Started
Landsat9_Punjab_Farmland_2023_Monsoon_001,Landsat9,Punjab_Farmland,2023,Monsoon,LC09_148039_20230904,04-09-2023,0,Started
Landsat9_Punjab_Farmland_2023_PostMonsoon_001,Landsat9,Punjab_Farmland,2023,PostMonsoon,LC09_148039_20231006,06-10-2023,0,Started
Landsat9_Punjab_Farmland_2023_PostMonsoon_002,Landsat9,Punjab_Farmland,2023,PostMonsoon,LC09_148038_20231006,06-10-2023,0.06,Started
Landsat9_Punjab_Farmland_2023_PostMonsoon_003,Landsat9,Punjab_Farmland,2023,PostMonsoon,LC09_148039_20231209,09-12-2023,0.08,Started
Landsat9_Punjab_Farmland_2024_Winter_001,Landsat9,Punjab_Farmland,2024,Winter,LC09_148039_20240211,11-02-2024,0,Started
Landsat9_Punjab_Farmland_2024_Winter_002,Landsat9,Punjab_Farmland,2024,Winter,LC09_148038_20240211,11-02-2024,0.88,Started
Landsat9_Punjab_Farmland_2024_Summer_001,Landsat9,Punjab_Farmland,2024,Summer,LC09_148039_20240501,01-05-2024,0,Started
Landsat9_Punjab_Farmland_2024_Summer_002,Landsat9,Punjab_Farmland,2024,Summer,LC09_148039_20240517,17-05-2024,0,Started
Landsat9_Punjab_Farmland_2024_Summer_003,Landsat9,Punjab_Farmland,2024,Summer,LC09_148039_20240602,02-06-2024,0,Started
Landsat9_Punjab_Farmland_2024_Monsoon_001,Landsat9,Punjab_Farmland,2024,Monsoon,LC09_148039_20240720,20-07-2024,4.26,Started
Landsat9_Punjab_Farmland_2024_PostMonsoon_001,Landsat9,Punjab_Farmland,2024,PostMonsoon,LC09_148039_20241211,11-12-2024,0.02,Started
Landsat9_Punjab_Farmland_2024_PostMonsoon_002,Landsat9,Punjab_Farmland,2024,PostMonsoon,LC09_148039_20241024,24-10-2024,0.06,Started
Landsat9_Punjab_Farmland_2024_PostMonsoon_003,Landsat9,Punjab_Farmland,2024,PostMonsoon,LC09_148039_20241008,08-10-2024,0.1,Started
Landsat9_TamilNadu_Farmland_2023_Winter_001,Landsat9,TamilNadu_Farmland,2023,Winter,LC09_143052_20230221,21-02-2023,0.01,Started
Landsat9_TamilNadu_Farmland_2023_Winter_002,Landsat9,TamilNadu_Farmland,2023,Winter,LC09_143053_20230221,21-02-2023,1.21,Started
Landsat9_TamilNadu_Farmland_2023_Winter_003,Landsat9,TamilNadu_Farmland,2023,Winter,LC09_143053_20230120,20-01-2023,3.91,Started
Landsat9_TamilNadu_Farmland_2023_Summer_001,Landsat9,TamilNadu_Farmland,2023,Summer,LC09_142052_20230419,19-04-2023,4.21,Started
Landsat9_TamilNadu_Farmland_2023_Monsoon_001,Landsat9,TamilNadu_Farmland,2023,Monsoon,LC09_143052_20230816,16-08-2023,0.18,Started
Landsat9_TamilNadu_Farmland_2023_Monsoon_002,Landsat9,TamilNadu_Farmland,2023,Monsoon,LC09_143053_20230816,16-08-2023,0.47,Started
Landsat9_TamilNadu_Farmland_2023_Monsoon_003,Landsat9,TamilNadu_Farmland,2023,Monsoon,LC09_143053_20230715,15-07-2023,4.12,Started
Landsat9_TamilNadu_Farmland_2023_PostMonsoon_001,Landsat9,TamilNadu_Farmland,2023,PostMonsoon,LC09_143052_20231003,03-10-2023,0.54,Started
Landsat9_TamilNadu_Farmland_2024_Winter_001,Landsat9,TamilNadu_Farmland,2024,Winter,LC09_142053_20240116,16-01-2024,1.9,Started
Landsat9_TamilNadu_Farmland_2024_Winter_002,Landsat9,TamilNadu_Farmland,2024,Winter,LC09_142052_20240116,16-01-2024,1.93,Started
Landsat9_TamilNadu_Farmland_2024_Summer_001,Landsat9,TamilNadu_Farmland,2024,Summer,LC09_143052_20240530,30-05-2024,1.24,Started
Landsat9_TamilNadu_Farmland_2024_Monsoon_001,Landsat9,TamilNadu_Farmland,2024,Monsoon,LC09_142052_20240912,12-09-2024,3.82,Started
Landsat9_TamilNadu_Farmland_2024_PostMonsoon_001,Landsat9,TamilNadu_Farmland,2024,PostMonsoon,LC09_143052_20241106,06-11-2024,0.37,Started
Landsat9_Haryana_Farmland_2023_Winter_001,Landsat9,Haryana_Farmland,2023,Winter,LC09_147040_20230116,16-01-2023,0.14,Started
Landsat9_Haryana_Farmland_2023_Winter_002,Landsat9,Haryana_Farmland,2023,Winter,LC09_147040_20230201,01-02-2023,4.22,Started
Landsat9_Haryana_Farmland_2023_Summer_001,Landsat9,Haryana_Farmland,2023,Summer,LC09_147040_20230406,06-04-2023,0.01,Started
Landsat9_Haryana_Farmland_2023_Summer_002,Landsat9,Haryana_Farmland,2023,Summer,LC09_147040_20230422,22-04-2023,0.04,Started
Landsat9_Haryana_Farmland_2023_Summer_003,Landsat9,Haryana_Farmland,2023,Summer,LC09_147040_20230609,09-06-2023,0.05,Started
Landsat9_Haryana_Farmland_2023_PostMonsoon_001,Landsat9,Haryana_Farmland,2023,PostMonsoon,LC09_147040_20231031,31-10-2023,3.01,Started
Landsat9_Haryana_Farmland_2023_PostMonsoon_002,Landsat9,Haryana_Farmland,2023,PostMonsoon,LC09_147040_20231015,15-10-2023,3.3,Started
Landsat9_Haryana_Farmland_2024_Summer_001,Landsat9,Haryana_Farmland,2024,Summer,LC09_147040_20240408,08-04-2024,0,Started
Landsat9_Haryana_Farmland_2024_Summer_002,Landsat9,Haryana_Farmland,2024,Summer,LC09_147040_20240424,24-04-2024,0,Started
Landsat9_Haryana_Farmland_2024_Summer_003,Landsat9,Haryana_Farmland,2024,Summer,LC09_147040_20240526,26-05-2024,0,Started
Landsat9_Haryana_Farmland_2024_PostMonsoon_001,Landsat9,Haryana_Farmland,2024,PostMonsoon,LC09_147040_20241102,02-11-2024,0.01,Started
Landsat9_Haryana_Farmland_2024_PostMonsoon_002,Landsat9,Haryana_Farmland,2024,PostMonsoon,LC09_147040_20241204,04-12-2024,0.09,Started
Landsat9_Haryana_Farmland_2024_PostMonsoon_003,Landsat9,Haryana_Farmland,2024,PostMonsoon,LC09_147040_20241001,01-10-2024,0.29,Started
Landsat9_Andhra_Farmland_2023_Winter_001,Landsat9,Andhra_Farmland,2023,Winter,LC09_142049_20230113,13-01-2023,4.28,Started
Landsat9_Andhra_Farmland_2023_Summer_001,Landsat9,Andhra_Farmland,2023,Summer,LC09_142049_20230419,19-04-2023,0.81,Started
Landsat9_Andhra_Farmland_2023_PostMonsoon_001,Landsat9,Andhra_Farmland,2023,PostMonsoon,LC09_142049_20231012,12-10-2023,1.89,Started
Landsat9_Andhra_Farmland_2024_Monsoon_001,Landsat9,Andhra_Farmland,2024,Monsoon,LC09_142049_20240912,12-09-2024,1.05,Started
Landsat9_Maharashtra_Farmland_2023_Winter_001,Landsat9,Maharashtra_Farmland,2023,Winter,LC09_146046_20230210,10-02-2023,0,Started
Landsat9_Maharashtra_Farmland_2023_Winter_002,Landsat9,Maharashtra_Farmland,2023,Winter,LC09_146046_20230226,26-02-2023,0,Started
Landsat9_Maharashtra_Farmland_2023_Winter_003,Landsat9,Maharashtra_Farmland,2023,Winter,LC09_147046_20230217,17-02-2023,0,Started
Landsat9_Maharashtra_Farmland_2023_Summer_001,Landsat9,Maharashtra_Farmland,2023,Summer,LC09_146046_20230602,02-06-2023,0.04,Started
Landsat9_Maharashtra_Farmland_2023_Summer_002,Landsat9,Maharashtra_Farmland,2023,Summer,LC09_147046_20230524,24-05-2023,0.43,Started
Landsat9_Maharashtra_Farmland_2023_Summer_003,Landsat9,Maharashtra_Farmland,2023,Summer,LC09_147046_20230422,22-04-2023,1.74,Started
Landsat9_Maharashtra_Farmland_2023_PostMonsoon_001,Landsat9,Maharashtra_Farmland,2023,PostMonsoon,LC09_146046_20231024,24-10-2023,0.02,Started
Landsat9_Maharashtra_Farmland_2023_PostMonsoon_002,Landsat9,Maharashtra_Farmland,2023,PostMonsoon,LC09_146046_20231211,11-12-2023,0.02,Started
Landsat9_Maharashtra_Farmland_2023_PostMonsoon_003,Landsat9,Maharashtra_Farmland,2023,PostMonsoon,LC09_147046_20231116,16-11-2023,0.03,Started
Landsat9_Maharashtra_Farmland_2024_Winter_001,Landsat9,Maharashtra_Farmland,2024,Winter,LC09_147046_20240220,20-02-2024,0,Started
Landsat9_Maharashtra_Farmland_2024_Winter_002,Landsat9,Maharashtra_Farmland,2024,Winter,LC09_147046_20240204,04-02-2024,0.03,Started
Landsat9_Maharashtra_Farmland_2024_Winter_003,Landsat9,Maharashtra_Farmland,2024,Winter,LC09_147046_20240119,19-01-2024,0.45,Started
Landsat9_Maharashtra_Farmland_2024_Summer_001,Landsat9,Maharashtra_Farmland,2024,Summer,LC09_146046_20240503,03-05-2024,0,Started
Landsat9_Maharashtra_Farmland_2024_Summer_002,Landsat9,Maharashtra_Farmland,2024,Summer,LC09_147046_20240408,08-04-2024,0,Started
Landsat9_Maharashtra_Farmland_2024_Summer_003,Landsat9,Maharashtra_Farmland,2024,Summer,LC09_146046_20240519,19-05-2024,0.12,Started
Landsat9_Maharashtra_Farmland_2024_PostMonsoon_001,Landsat9,Maharashtra_Farmland,2024,PostMonsoon,LC09_147046_20241118,18-11-2024,0.01,Started
Landsat9_Maharashtra_Farmland_2024_PostMonsoon_002,Landsat9,Maharashtra_Farmland,2024,PostMonsoon,LC09_147046_20241102,02-11-2024,0.09,Started
Landsat9_Maharashtra_Farmland_2024_PostMonsoon_003,Landsat9,Maharashtra_Farmland,2024,PostMonsoon,LC09_146046_20241213,13-12-2024,0.27,Started
Landsat9_Bihar_Farmland_2023_Winter_001,Landsat9,Bihar_Farmland,2023,Winter,LC09_140042_20230216,16-02-2023,0.03,Started
Landsat9_Bihar_Farmland_2023_Winter_002,Landsat9,Bihar_Farmland,2023,Winter,LC09_141042_20230223,23-02-2023,0.12,Started
Landsat9_Bihar_Farmland_2023_Winter_003,Landsat9,Bihar_Farmland,2023,Winter,LC09_140043_20230216,16-02-2023,1.53,Started
Landsat9_Bihar_Farmland_2023_Summer_001,Landsat9,Bihar_Farmland,2023,Summer,LC09_141042_20230412,12-04-2023,0,Started
Landsat9_Bihar_Farmland_2023_Summer_002,Landsat9,Bihar_Farmland,2023,Summer,LC09_140043_20230507,07-05-2023,0.03,Started
Landsat9_Bihar_Farmland_2023_Summer_003,Landsat9,Bihar_Farmland,2023,Summer,LC09_140042_20230608,08-06-2023,0.04,Started
Landsat9_Bihar_Farmland_2023_PostMonsoon_001,Landsat9,Bihar_Farmland,2023,PostMonsoon,LC09_140043_20231030,30-10-2023,0.03,Started
Landsat9_Bihar_Farmland_2023_PostMonsoon_002,Landsat9,Bihar_Farmland,2023,PostMonsoon,LC09_140043_20231014,14-10-2023,0.11,Started
Landsat9_Bihar_Farmland_2023_PostMonsoon_003,Landsat9,Bihar_Farmland,2023,PostMonsoon,LC09_141042_20231021,21-10-2023,0.13,Started
Landsat9_Bihar_Farmland_2024_Winter_001,Landsat9,Bihar_Farmland,2024,Winter,LC09_141042_20240210,10-02-2024,0.14,Started
Landsat9_Bihar_Farmland_2024_Winter_002,Landsat9,Bihar_Farmland,2024,Winter,LC09_140043_20240203,03-02-2024,0.33,Started
Landsat9_Bihar_Farmland_2024_Winter_003,Landsat9,Bihar_Farmland,2024,Winter,LC09_140043_20240219,19-02-2024,0.42,Started
Landsat9_Bihar_Farmland_2024_Summer_001,Landsat9,Bihar_Farmland,2024,Summer,LC09_141042_20240430,30-04-2024,0,Started
Landsat9_Bihar_Farmland_2024_Summer_002,Landsat9,Bihar_Farmland,2024,Summer,LC09_140043_20240610,10-06-2024,1.54,Started
Landsat9_Bihar_Farmland_2024_Summer_003,Landsat9,Bihar_Farmland,2024,Summer,LC09_140042_20240423,23-04-2024,1.82,Started
Landsat9_Bihar_Farmland_2024_PostMonsoon_001,Landsat9,Bihar_Farmland,2024,PostMonsoon,LC09_141042_20241124,24-11-2024,0,Started
Landsat9_Bihar_Farmland_2024_PostMonsoon_002,Landsat9,Bihar_Farmland,2024,PostMonsoon,LC09_140043_20241203,03-12-2024,0.04,Started
Landsat9_Bihar_Farmland_2024_PostMonsoon_003,Landsat9,Bihar_Farmland,2024,PostMonsoon,LC09_140043_20241117,17-11-2024,0.05,Started
Landsat9_WesternGhats_2023_Winter_001,Landsat9,WesternGhats,2023,Winter,LC09_144053_20230111,11-01-2023,1.65,Started
Landsat9_WesternGhats_2023_Winter_002,Landsat9,WesternGhats,2023,Winter,LC09_144053_20230212,12-02-2023,2.24,Started
Landsat9_WesternGhats_2024_Winter_001,Landsat9,WesternGhats,2024,Winter,LC09_144053_20240114,14-01-2024,0.69,Started
Landsat9_WesternGhats_2024_Winter_002,Landsat9,WesternGhats,2024,Winter,LC09_144053_20240215,15-02-2024,3.78,Started
Landsat9_Assam_Forest_2023_Winter_001,Landsat9,Assam_Forest,2023,Winter,LC09_136042_20230103,03-01-2023,0.01,Started
Landsat9_Assam_Forest_2023_Winter_002,Landsat9,Assam_Forest,2023,Winter,LC09_137042_20230110,10-01-2023,0.02,Started
Landsat9_Assam_Forest_2023_Winter_003,Landsat9,Assam_Forest,2023,Winter,LC09_137042_20230126,26-01-2023,0.07,Started
Landsat9_Assam_Forest_2023_Summer_001,Landsat9,Assam_Forest,2023,Summer,LC09_136042_20230511,11-05-2023,2.79,Started
Landsat9_Assam_Forest_2023_PostMonsoon_001,Landsat9,Assam_Forest,2023,PostMonsoon,LC09_137042_20231126,26-11-2023,0.03,Started
Landsat9_Assam_Forest_2023_PostMonsoon_002,Landsat9,Assam_Forest,2023,PostMonsoon,LC09_137042_20231110,10-11-2023,0.32,Started
Landsat9_Assam_Forest_2024_Winter_001,Landsat9,Assam_Forest,2024,Winter,LC09_137042_20240129,29-01-2024,0.44,Started
Landsat9_Assam_Forest_2024_Winter_002,Landsat9,Assam_Forest,2024,Winter,LC09_136042_20240106,06-01-2024,0.87,Started
Landsat9_Assam_Forest_2024_Summer_001,Landsat9,Assam_Forest,2024,Summer,LC09_137042_20240520,20-05-2024,3.01,Started
Landsat9_Assam_Forest_2024_PostMonsoon_001,Landsat9,Assam_Forest,2024,PostMonsoon,LC09_137042_20241214,14-12-2024,2.24,Started
Landsat9_Assam_Forest_2024_PostMonsoon_002,Landsat9,Assam_Forest,2024,PostMonsoon,LC09_137042_20241112,12-11-2024,3.44,Started
Landsat9_Nilgiris_2023_Winter_001,Landsat9,Nilgiris,2023,Winter,LC09_144052_20230111,11-01-2023,0.54,Started
Landsat9_Nilgiris_2023_Summer_001,Landsat9,Nilgiris,2023,Summer,LC09_144052_20230417,17-04-2023,1.7,Started
Landsat9_Nilgiris_2024_Winter_001,Landsat9,Nilgiris,2024,Winter,LC09_144052_20240114,14-01-2024,1.63,Started
Landsat9_Nilgiris_2024_Winter_002,Landsat9,Nilgiris,2024,Winter,LC09_144052_20240215,15-02-2024,2.97,Started
Landsat9_Nilgiris_2024_Winter_003,Landsat9,Nilgiris,2024,Winter,LC09_144052_20240130,30-01-2024,4.01,Started
Landsat9_Bandipur_2023_Winter_001,Landsat9,Bandipur,2023,Winter,LC09_144052_20230111,11-01-2023,0.54,Started
Landsat9_Bandipur_2023_Summer_001,Landsat9,Bandipur,2023,Summer,LC09_144052_20230417,17-04-2023,1.7,Started
Landsat9_Bandipur_2024_Winter_001,Landsat9,Bandipur,2024,Winter,LC09_144052_20240114,14-01-2024,1.63,Started
Landsat9_Bandipur_2024_Winter_002,Landsat9,Bandipur,2024,Winter,LC09_144052_20240215,15-02-2024,2.97,Started
Landsat9_Bandipur_2024_Winter_003,Landsat9,Bandipur,2024,Winter,LC09_144052_20240130,30-01-2024,4.01,Started
Landsat9_Kaziranga_2023_Winter_001,Landsat9,Kaziranga,2023,Winter,LC09_136042_20230103,03-01-2023,0.01,Started
Landsat9_Kaziranga_2023_Winter_002,Landsat9,Kaziranga,2023,Winter,LC09_135042_20230128,28-01-2023,2.3,Started
Landsat9_Kaziranga_2023_Winter_003,Landsat9,Kaziranga,2023,Winter,LC09_136042_20230204,04-02-2023,2.66,Started
Landsat9_Kaziranga_2023_Summer_001,Landsat9,Kaziranga,2023,Summer,LC09_136042_20230511,11-05-2023,2.79,Started
Landsat9_Kaziranga_2023_PostMonsoon_001,Landsat9,Kaziranga,2023,PostMonsoon,LC09_135042_20231112,12-11-2023,1.94,Started
Landsat9_Kaziranga_2023_PostMonsoon_002,Landsat9,Kaziranga,2023,PostMonsoon,LC09_136041_20231119,19-11-2023,2.48,Started
Landsat9_Kaziranga_2024_Winter_001,Landsat9,Kaziranga,2024,Winter,LC09_136042_20240106,06-01-2024,0.87,Started
Landsat9_Kaziranga_2024_Winter_002,Landsat9,Kaziranga,2024,Winter,LC09_135042_20240115,15-01-2024,2.18,Started
Landsat9_Kaziranga_2024_PostMonsoon_001,Landsat9,Kaziranga,2024,PostMonsoon,LC09_135042_20241114,14-11-2024,1.42,Started
Landsat9_Kaziranga_2024_PostMonsoon_002,Landsat9,Kaziranga,2024,PostMonsoon,LC09_135042_20241130,30-11-2024,2.76,Started
Landsat9_JimCorbett_2023_Winter_001,Landsat9,JimCorbett,2023,Winter,LC09_145040_20230118,18-01-2023,0,Started
Landsat9_JimCorbett_2023_Winter_002,Landsat9,JimCorbett,2023,Winter,LC09_146040_20230226,26-02-2023,0.05,Started
Landsat9_JimCorbett_2023_Winter_003,Landsat9,JimCorbett,2023,Winter,LC09_146040_20230210,10-02-2023,0.74,Started
Landsat9_JimCorbett_2023_Summer_001,Landsat9,JimCorbett,2023,Summer,LC09_146040_20230415,15-04-2023,0.01,Started
Landsat9_JimCorbett_2023_Summer_002,Landsat9,JimCorbett,2023,Summer,LC09_145040_20230510,10-05-2023,0.32,Started
Landsat9_JimCorbett_2023_Summer_003,Landsat9,JimCorbett,2023,Summer,LC09_145040_20230408,08-04-2023,0.39,Started
Landsat9_JimCorbett_2023_PostMonsoon_001,Landsat9,JimCorbett,2023,PostMonsoon,LC09_145040_20231118,18-11-2023,0.03,Started
Landsat9_JimCorbett_2023_PostMonsoon_002,Landsat9,JimCorbett,2023,PostMonsoon,LC09_145040_20231102,02-11-2023,0.07,Started
Landsat9_JimCorbett_2023_PostMonsoon_003,Landsat9,JimCorbett,2023,PostMonsoon,LC09_146040_20231024,24-10-2023,0.07,Started
Landsat9_JimCorbett_2024_Winter_001,Landsat9,JimCorbett,2024,Winter,LC09_145039_20240105,05-01-2024,3.29,Started
Landsat9_JimCorbett_2024_Summer_001,Landsat9,JimCorbett,2024,Summer,LC09_146040_20240417,17-04-2024,0.05,Started
Landsat9_JimCorbett_2024_Summer_002,Landsat9,JimCorbett,2024,Summer,LC09_145040_20240613,13-06-2024,0.08,Started
Landsat9_JimCorbett_2024_Summer_003,Landsat9,JimCorbett,2024,Summer,LC09_145040_20240528,28-05-2024,0.21,Started
Landsat9_JimCorbett_2024_PostMonsoon_001,Landsat9,JimCorbett,2024,PostMonsoon,LC09_145040_20241120,20-11-2024,0.02,Started
Landsat9_JimCorbett_2024_PostMonsoon_002,Landsat9,JimCorbett,2024,PostMonsoon,LC09_145040_20241206,06-12-2024,0.02,Started
Landsat9_JimCorbett_2024_PostMonsoon_003,Landsat9,JimCorbett,2024,PostMonsoon,LC09_146040_20241010,10-10-2024,0.18,Started
Landsat8_Punjab_Farmland_2025_Winter_001,Landsat8,Punjab_Farmland,2025,Winter,LC08_148039_20250205,05-02-2025,0.04,Started
Landsat8_Punjab_Farmland_2025_Summer_001,Landsat8,Punjab_Farmland,2025,Summer,LC08_148039_20250410,10-04-2025,0.02,Started
Landsat8_Punjab_Farmland_2025_Summer_002,Landsat8,Punjab_Farmland,2025,Summer,LC08_148039_20250512,12-05-2025,0.07,Started
Landsat8_Punjab_Farmland_2025_Summer_003,Landsat8,Punjab_Farmland,2025,Summer,LC08_148039_20250528,28-05-2025,0.49,Started
Landsat8_Punjab_Farmland_2025_PostMonsoon_001,Landsat8,Punjab_Farmland,2025,PostMonsoon,LC08_148039_20251019,19-10-2025,0,Started
Landsat8_Punjab_Farmland_2025_PostMonsoon_002,Landsat8,Punjab_Farmland,2025,PostMonsoon,LC08_148038_20251120,20-11-2025,0.27,Started
Landsat8_Punjab_Farmland_2025_PostMonsoon_003,Landsat8,Punjab_Farmland,2025,PostMonsoon,LC08_148038_20251019,19-10-2025,0.41,Started
Landsat8_Punjab_Farmland_2026_Winter_001,Landsat8,Punjab_Farmland,2026,Winter,LC08_148039_20260224,24-02-2026,0.02,Started
Landsat8_Punjab_Farmland_2026_Winter_002,Landsat8,Punjab_Farmland,2026,Winter,LC08_148038_20260224,24-02-2026,2.71,Started
Landsat8_Punjab_Farmland_2026_Winter_003,Landsat8,Punjab_Farmland,2026,Winter,LC08_148039_20260208,08-02-2026,2.74,Started
Landsat8_Punjab_Farmland_2026_Summer_001,Landsat8,Punjab_Farmland,2026,Summer,LC08_148039_20260531,31-05-2026,2.93,Started
Landsat8_TamilNadu_Farmland_2025_Winter_001,Landsat8,TamilNadu_Farmland,2025,Winter,LC08_143053_20250218,18-02-2025,3.06,Started
Landsat8_TamilNadu_Farmland_2025_Winter_002,Landsat8,TamilNadu_Farmland,2025,Winter,LC08_142052_20250211,11-02-2025,4.77,Started
Landsat8_TamilNadu_Farmland_2025_Summer_001,Landsat8,TamilNadu_Farmland,2025,Summer,LC08_143052_20250509,09-05-2025,0.87,Started
Landsat8_TamilNadu_Farmland_2025_Summer_002,Landsat8,TamilNadu_Farmland,2025,Summer,LC08_143053_20250509,09-05-2025,0.93,Started
Landsat8_TamilNadu_Farmland_2025_Summer_003,Landsat8,TamilNadu_Farmland,2025,Summer,LC08_143052_20250423,23-04-2025,4.77,Started
Landsat8_TamilNadu_Farmland_2025_Monsoon_001,Landsat8,TamilNadu_Farmland,2025,Monsoon,LC08_143053_20250914,14-09-2025,1.9,Started
Landsat8_TamilNadu_Farmland_2025_Monsoon_002,Landsat8,TamilNadu_Farmland,2025,Monsoon,LC08_143052_20250914,14-09-2025,2.19,Started
Landsat8_TamilNadu_Farmland_2025_Monsoon_003,Landsat8,TamilNadu_Farmland,2025,Monsoon,LC08_142052_20250806,06-08-2025,3.22,Started
Landsat8_TamilNadu_Farmland_2025_PostMonsoon_001,Landsat8,TamilNadu_Farmland,2025,PostMonsoon,LC08_143052_20251101,01-11-2025,4.03,Started
Landsat8_TamilNadu_Farmland_2025_PostMonsoon_002,Landsat8,TamilNadu_Farmland,2025,PostMonsoon,LC08_143053_20251101,01-11-2025,4.42,Started
Landsat8_TamilNadu_Farmland_2026_Winter_001,Landsat8,TamilNadu_Farmland,2026,Winter,LC08_143052_20260104,04-01-2026,2.07,Started
Landsat8_TamilNadu_Farmland_2026_Winter_002,Landsat8,TamilNadu_Farmland,2026,Winter,LC08_143053_20260120,20-01-2026,2.31,Started
Landsat8_TamilNadu_Farmland_2026_Winter_003,Landsat8,TamilNadu_Farmland,2026,Winter,LC08_143052_20260120,20-01-2026,3.96,Started
Landsat8_TamilNadu_Farmland_2026_Summer_001,Landsat8,TamilNadu_Farmland,2026,Summer,LC08_143052_20260410,10-04-2026,1.86,Started
Landsat8_TamilNadu_Farmland_2026_Summer_002,Landsat8,TamilNadu_Farmland,2026,Summer,LC08_143052_20260426,26-04-2026,3.75,Started
Landsat8_TamilNadu_Farmland_2026_Summer_003,Landsat8,TamilNadu_Farmland,2026,Summer,LC08_142052_20260606,06-06-2026,4.4,Started
Landsat8_Haryana_Farmland_2025_Winter_001,Landsat8,Haryana_Farmland,2025,Winter,LC08_147040_20250129,29-01-2025,4.05,Started
Landsat8_Haryana_Farmland_2025_Summer_001,Landsat8,Haryana_Farmland,2025,Summer,LC08_147040_20250403,03-04-2025,0,Started
Landsat8_Haryana_Farmland_2025_Summer_002,Landsat8,Haryana_Farmland,2025,Summer,LC08_147040_20250521,21-05-2025,0,Started
Landsat8_Haryana_Farmland_2025_Summer_003,Landsat8,Haryana_Farmland,2025,Summer,LC08_147040_20250606,06-06-2025,1.42,Started
Landsat8_Haryana_Farmland_2025_PostMonsoon_001,Landsat8,Haryana_Farmland,2025,PostMonsoon,LC08_147040_20251012,12-10-2025,0.01,Started
Landsat8_Haryana_Farmland_2025_PostMonsoon_002,Landsat8,Haryana_Farmland,2025,PostMonsoon,LC08_147040_20251129,29-11-2025,0.01,Started
Landsat8_Haryana_Farmland_2026_Winter_001,Landsat8,Haryana_Farmland,2026,Winter,LC08_147040_20260217,17-02-2026,1.31,Started
Landsat8_Haryana_Farmland_2026_Summer_001,Landsat8,Haryana_Farmland,2026,Summer,LC08_147040_20260609,09-06-2026,0,Started
Landsat8_Haryana_Farmland_2026_Summer_002,Landsat8,Haryana_Farmland,2026,Summer,LC08_147040_20260422,22-04-2026,0.01,Started
Landsat8_Haryana_Farmland_2026_Summer_003,Landsat8,Haryana_Farmland,2026,Summer,LC08_147040_20260524,24-05-2026,0.28,Started
Landsat8_Andhra_Farmland_2025_Winter_001,Landsat8,Andhra_Farmland,2025,Winter,LC08_142049_20250227,27-02-2025,3.3,Started
Landsat8_Andhra_Farmland_2025_PostMonsoon_001,Landsat8,Andhra_Farmland,2025,PostMonsoon,LC08_142049_20251212,12-12-2025,2.36,Started
Landsat8_Andhra_Farmland_2026_Winter_001,Landsat8,Andhra_Farmland,2026,Winter,LC08_142049_20260214,14-02-2026,3.37,Started
Landsat8_Maharashtra_Farmland_2025_Winter_001,Landsat8,Maharashtra_Farmland,2025,Winter,LC08_147046_20250214,14-02-2025,0,Started
Landsat8_Maharashtra_Farmland_2025_Winter_002,Landsat8,Maharashtra_Farmland,2025,Winter,LC08_146046_20250122,22-01-2025,0.08,Started
Landsat8_Maharashtra_Farmland_2025_Winter_003,Landsat8,Maharashtra_Farmland,2025,Winter,LC08_146046_20250106,06-01-2025,0.09,Started
Landsat8_Maharashtra_Farmland_2025_Summer_001,Landsat8,Maharashtra_Farmland,2025,Summer,LC08_146046_20250428,28-04-2025,0,Started
Landsat8_Maharashtra_Farmland_2025_Summer_002,Landsat8,Maharashtra_Farmland,2025,Summer,LC08_147046_20250419,19-04-2025,0.04,Started
Landsat8_Maharashtra_Farmland_2025_Summer_003,Landsat8,Maharashtra_Farmland,2025,Summer,LC08_146046_20250412,12-04-2025,0.95,Started
Landsat8_Maharashtra_Farmland_2025_PostMonsoon_001,Landsat8,Maharashtra_Farmland,2025,PostMonsoon,LC08_147046_20251012,12-10-2025,0,Started
Landsat8_Maharashtra_Farmland_2025_PostMonsoon_002,Landsat8,Maharashtra_Farmland,2025,PostMonsoon,LC08_146046_20251106,06-11-2025,0.01,Started
Landsat8_Maharashtra_Farmland_2025_PostMonsoon_003,Landsat8,Maharashtra_Farmland,2025,PostMonsoon,LC08_147046_20251113,13-11-2025,0.01,Started
Landsat8_Maharashtra_Farmland_2026_Winter_001,Landsat8,Maharashtra_Farmland,2026,Winter,LC08_147046_20260116,16-01-2026,0.02,Started
Landsat8_Maharashtra_Farmland_2026_Winter_002,Landsat8,Maharashtra_Farmland,2026,Winter,LC08_146046_20260226,26-02-2026,0.05,Started
Landsat8_Maharashtra_Farmland_2026_Winter_003,Landsat8,Maharashtra_Farmland,2026,Winter,LC08_147046_20260217,17-02-2026,0.11,Started
Landsat8_Maharashtra_Farmland_2026_Summer_001,Landsat8,Maharashtra_Farmland,2026,Summer,LC08_146046_20260415,15-04-2026,0,Started
Landsat8_Maharashtra_Farmland_2026_Summer_002,Landsat8,Maharashtra_Farmland,2026,Summer,LC08_147046_20260422,22-04-2026,0.06,Started
Landsat8_Maharashtra_Farmland_2026_Summer_003,Landsat8,Maharashtra_Farmland,2026,Summer,LC08_146046_20260501,01-05-2026,0.07,Started
Landsat8_Bihar_Farmland_2025_Winter_001,Landsat8,Bihar_Farmland,2025,Winter,LC08_141042_20250220,20-02-2025,0.07,Started
Landsat8_Bihar_Farmland_2025_Winter_002,Landsat8,Bihar_Farmland,2025,Winter,LC08_140043_20250213,13-02-2025,0.18,Started
Landsat8_Bihar_Farmland_2025_Winter_003,Landsat8,Bihar_Farmland,2025,Winter,LC08_141042_20250204,04-02-2025,0.45,Started
Landsat8_Bihar_Farmland_2025_Summer_001,Landsat8,Bihar_Farmland,2025,Summer,LC08_141042_20250425,25-04-2025,0,Started
Landsat8_Bihar_Farmland_2025_PostMonsoon_001,Landsat8,Bihar_Farmland,2025,PostMonsoon,LC08_141042_20251205,05-12-2025,0.04,Started
Landsat8_Bihar_Farmland_2025_PostMonsoon_002,Landsat8,Bihar_Farmland,2025,PostMonsoon,LC08_140043_20251112,12-11-2025,0.2,Started
Landsat8_Bihar_Farmland_2025_PostMonsoon_003,Landsat8,Bihar_Farmland,2025,PostMonsoon,LC08_140043_20251011,11-10-2025,0.24,Started
Landsat8_Bihar_Farmland_2026_Winter_001,Landsat8,Bihar_Farmland,2026,Winter,LC08_141042_20260122,22-01-2026,0.02,Started
Landsat8_Bihar_Farmland_2026_Winter_002,Landsat8,Bihar_Farmland,2026,Winter,LC08_140042_20260115,15-01-2026,0.03,Started
Landsat8_Bihar_Farmland_2026_Winter_003,Landsat8,Bihar_Farmland,2026,Winter,LC08_140042_20260216,16-02-2026,0.06,Started
Landsat8_Bihar_Farmland_2026_Summer_001,Landsat8,Bihar_Farmland,2026,Summer,LC08_140043_20260421,21-04-2026,0.24,Started
Landsat8_Bihar_Farmland_2026_Summer_002,Landsat8,Bihar_Farmland,2026,Summer,LC08_141042_20260412,12-04-2026,0.47,Started
Landsat8_Bihar_Farmland_2026_Summer_003,Landsat8,Bihar_Farmland,2026,Summer,LC08_140043_20260523,23-05-2026,0.95,Started
Landsat8_WesternGhats_2025_Winter_001,Landsat8,WesternGhats,2025,Winter,LC08_144053_20250225,25-02-2025,0.47,Started
Landsat8_WesternGhats_2025_Winter_002,Landsat8,WesternGhats,2025,Winter,LC08_144053_20250209,09-02-2025,0.52,Started
Landsat8_WesternGhats_2026_Winter_001,Landsat8,WesternGhats,2026,Winter,LC08_144053_20260212,12-02-2026,0.68,Started
Landsat8_Assam_Forest_2025_Winter_001,Landsat8,Assam_Forest,2025,Winter,LC08_136042_20250116,16-01-2025,0.01,Started
Landsat8_Assam_Forest_2025_Winter_002,Landsat8,Assam_Forest,2025,Winter,LC08_137042_20250208,08-02-2025,2.41,Started
Landsat8_Assam_Forest_2025_PostMonsoon_001,Landsat8,Assam_Forest,2025,PostMonsoon,LC08_137042_20251022,22-10-2025,0.9,Started
Landsat8_Assam_Forest_2025_PostMonsoon_002,Landsat8,Assam_Forest,2025,PostMonsoon,LC08_136042_20251116,16-11-2025,2.16,Started
Landsat8_Assam_Forest_2026_Winter_001,Landsat8,Assam_Forest,2026,Winter,LC08_137042_20260126,26-01-2026,0.44,Started
Landsat8_Assam_Forest_2026_Winter_002,Landsat8,Assam_Forest,2026,Winter,LC08_137042_20260211,11-02-2026,1.45,Started
Landsat8_Assam_Forest_2026_Winter_003,Landsat8,Assam_Forest,2026,Winter,LC08_136042_20260119,19-01-2026,2.38,Started
Landsat8_Nilgiris_2025_Winter_001,Landsat8,Nilgiris,2025,Winter,LC08_144052_20250209,09-02-2025,0.06,Started
Landsat8_Nilgiris_2025_Winter_002,Landsat8,Nilgiris,2025,Winter,LC08_144052_20250225,25-02-2025,0.06,Started
Landsat8_Nilgiris_2025_Summer_001,Landsat8,Nilgiris,2025,Summer,LC08_144052_20250414,14-04-2025,3.88,Started
Landsat8_Nilgiris_2026_Winter_001,Landsat8,Nilgiris,2026,Winter,LC08_144052_20260212,12-02-2026,0.15,Started
Landsat8_Bandipur_2025_Winter_001,Landsat8,Bandipur,2025,Winter,LC08_144052_20250209,09-02-2025,0.06,Started
Landsat8_Bandipur_2025_Winter_002,Landsat8,Bandipur,2025,Winter,LC08_144052_20250225,25-02-2025,0.06,Started
Landsat8_Bandipur_2025_Summer_001,Landsat8,Bandipur,2025,Summer,LC08_144052_20250414,14-04-2025,3.88,Started
Landsat8_Bandipur_2026_Winter_001,Landsat8,Bandipur,2026,Winter,LC08_144052_20260212,12-02-2026,0.15,Started
Landsat8_Kaziranga_2025_Winter_001,Landsat8,Kaziranga,2025,Winter,LC08_135042_20250226,26-02-2025,0.01,Started
Landsat8_Kaziranga_2025_Winter_002,Landsat8,Kaziranga,2025,Winter,LC08_136042_20250116,16-01-2025,0.01,Started
Landsat8_Kaziranga_2025_Winter_003,Landsat8,Kaziranga,2025,Winter,LC08_135042_20250210,10-02-2025,2.89,Started
Landsat8_Kaziranga_2025_PostMonsoon_001,Landsat8,Kaziranga,2025,PostMonsoon,LC08_135042_20251211,11-12-2025,1.2,Started
Landsat8_Kaziranga_2025_PostMonsoon_002,Landsat8,Kaziranga,2025,PostMonsoon,LC08_136042_20251116,16-11-2025,2.16,Started
Landsat8_Kaziranga_2026_Winter_001,Landsat8,Kaziranga,2026,Winter,LC08_135042_20260213,13-02-2026,0,Started
Landsat8_Kaziranga_2026_Winter_002,Landsat8,Kaziranga,2026,Winter,LC08_135042_20260128,28-01-2026,0.23,Started
Landsat8_Kaziranga_2026_Winter_003,Landsat8,Kaziranga,2026,Winter,LC08_135042_20260112,12-01-2026,0.7,Started
Landsat8_JimCorbett_2025_Winter_001,Landsat8,JimCorbett,2025,Winter,LC08_145040_20250131,31-01-2025,0,Started
Landsat8_JimCorbett_2025_Winter_002,Landsat8,JimCorbett,2025,Winter,LC08_145040_20250216,16-02-2025,0.01,Started
Landsat8_JimCorbett_2025_Winter_003,Landsat8,JimCorbett,2025,Winter,LC08_146040_20250223,23-02-2025,0.11,Started
Landsat8_JimCorbett_2025_Summer_001,Landsat8,JimCorbett,2025,Summer,LC08_145040_20250405,05-04-2025,0.01,Started
Landsat8_JimCorbett_2025_Summer_002,Landsat8,JimCorbett,2025,Summer,LC08_146040_20250514,14-05-2025,0.09,Started
Landsat8_JimCorbett_2025_Summer_003,Landsat8,JimCorbett,2025,Summer,LC08_146040_20250412,12-04-2025,0.68,Started
Landsat8_JimCorbett_2025_PostMonsoon_001,Landsat8,JimCorbett,2025,PostMonsoon,LC08_145040_20251201,01-12-2025,0.01,Started
Landsat8_JimCorbett_2025_PostMonsoon_002,Landsat8,JimCorbett,2025,PostMonsoon,LC08_145040_20251115,15-11-2025,0.03,Started
Landsat8_JimCorbett_2025_PostMonsoon_003,Landsat8,JimCorbett,2025,PostMonsoon,LC08_146040_20251106,06-11-2025,0.27,Started
Landsat8_JimCorbett_2026_Winter_001,Landsat8,JimCorbett,2026,Winter,LC08_146040_20260125,25-01-2026,0.1,Started
Landsat8_JimCorbett_2026_Winter_002,Landsat8,JimCorbett,2026,Winter,LC08_146040_20260226,26-02-2026,0.99,Started
Landsat8_JimCorbett_2026_Winter_003,Landsat8,JimCorbett,2026,Winter,LC08_146039_20260226,26-02-2026,2.33,Started
Landsat8_JimCorbett_2026_Summer_001,Landsat8,JimCorbett,2026,Summer,LC08_146040_20260415,15-04-2026,0,Started
Landsat8_JimCorbett_2026_Summer_002,Landsat8,JimCorbett,2026,Summer,LC08_146040_20260517,17-05-2026,0.03,Started
Landsat8_JimCorbett_2026_Summer_003,Landsat8,JimCorbett,2026,Summer,LC08_145040_20260424,24-04-2026,0.27,Started
Landsat9_Punjab_Farmland_2025_Winter_001,Landsat9,Punjab_Farmland,2025,Winter,LC09_148039_20250128,28-01-2025,0.01,Started
Landsat9_Punjab_Farmland_2025_Winter_002,Landsat9,Punjab_Farmland,2025,Winter,LC09_148038_20250128,28-01-2025,0.99,Started
Landsat9_Punjab_Farmland_2025_Summer_001,Landsat9,Punjab_Farmland,2025,Summer,LC09_148039_20250402,02-04-2025,0,Started
Landsat9_Punjab_Farmland_2025_Summer_002,Landsat9,Punjab_Farmland,2025,Summer,LC09_148039_20250520,20-05-2025,0.03,Started
Landsat9_Punjab_Farmland_2025_Summer_003,Landsat9,Punjab_Farmland,2025,Summer,LC09_148038_20250402,02-04-2025,0.83,Started
Landsat9_Punjab_Farmland_2025_Monsoon_001,Landsat9,Punjab_Farmland,2025,Monsoon,LC09_148039_20250808,08-08-2025,2.59,Started
Landsat9_Punjab_Farmland_2025_PostMonsoon_001,Landsat9,Punjab_Farmland,2025,PostMonsoon,LC09_148039_20251011,11-10-2025,0.01,Started
Landsat9_Punjab_Farmland_2025_PostMonsoon_002,Landsat9,Punjab_Farmland,2025,PostMonsoon,LC09_148038_20251128,28-11-2025,0.29,Started
Landsat9_Punjab_Farmland_2025_PostMonsoon_003,Landsat9,Punjab_Farmland,2025,PostMonsoon,LC09_148038_20251112,12-11-2025,0.33,Started
Landsat9_Punjab_Farmland_2026_Winter_001,Landsat9,Punjab_Farmland,2026,Winter,LC09_148039_20260216,16-02-2026,0.93,Started
Landsat9_Punjab_Farmland_2026_Winter_002,Landsat9,Punjab_Farmland,2026,Winter,LC09_148038_20260216,16-02-2026,1.64,Started
Landsat9_Punjab_Farmland_2026_Summer_001,Landsat9,Punjab_Farmland,2026,Summer,LC09_148039_20260608,08-06-2026,0,Started
Landsat9_Punjab_Farmland_2026_Summer_002,Landsat9,Punjab_Farmland,2026,Summer,LC09_148039_20260421,21-04-2026,0.04,Started
Landsat9_Punjab_Farmland_2026_Summer_003,Landsat9,Punjab_Farmland,2026,Summer,LC09_148039_20260405,05-04-2026,0.16,Started
Landsat9_TamilNadu_Farmland_2025_Summer_001,Landsat9,TamilNadu_Farmland,2025,Summer,LC09_143052_20250602,02-06-2025,2.92,Started
Landsat9_TamilNadu_Farmland_2025_Monsoon_001,Landsat9,TamilNadu_Farmland,2025,Monsoon,LC09_142052_20250729,29-07-2025,0.04,Started
Landsat9_TamilNadu_Farmland_2025_Monsoon_002,Landsat9,TamilNadu_Farmland,2025,Monsoon,LC09_143052_20250821,21-08-2025,1.99,Started
Landsat9_TamilNadu_Farmland_2025_Monsoon_003,Landsat9,TamilNadu_Farmland,2025,Monsoon,LC09_143053_20250821,21-08-2025,2.51,Started
Landsat9_TamilNadu_Farmland_2025_PostMonsoon_001,Landsat9,TamilNadu_Farmland,2025,PostMonsoon,LC09_142053_20251102,02-11-2025,3.04,Started
Landsat9_TamilNadu_Farmland_2025_PostMonsoon_002,Landsat9,TamilNadu_Farmland,2025,PostMonsoon,LC09_143053_20251211,11-12-2025,4.98,Started
Landsat9_TamilNadu_Farmland_2026_Winter_001,Landsat9,TamilNadu_Farmland,2026,Winter,LC09_142052_20260105,05-01-2026,4.25,Started
Landsat9_TamilNadu_Farmland_2026_Summer_001,Landsat9,TamilNadu_Farmland,2026,Summer,LC09_143052_20260402,02-04-2026,1.18,Started
Landsat9_Haryana_Farmland_2025_Winter_001,Landsat9,Haryana_Farmland,2025,Winter,LC09_147040_20250206,06-02-2025,0.03,Started
Landsat9_Haryana_Farmland_2025_Winter_002,Landsat9,Haryana_Farmland,2025,Winter,LC09_147040_20250121,21-01-2025,0.42,Started
Landsat9_Haryana_Farmland_2025_Summer_001,Landsat9,Haryana_Farmland,2025,Summer,LC09_147040_20250614,14-06-2025,0.47,Started
Landsat9_Haryana_Farmland_2025_Summer_002,Landsat9,Haryana_Farmland,2025,Summer,LC09_147040_20250427,27-04-2025,1.13,Started
Landsat9_Haryana_Farmland_2025_Summer_003,Landsat9,Haryana_Farmland,2025,Summer,LC09_147040_20250411,11-04-2025,1.92,Started
Landsat9_Haryana_Farmland_2025_PostMonsoon_001,Landsat9,Haryana_Farmland,2025,PostMonsoon,LC09_147040_20251207,07-12-2025,0.55,Started
Landsat9_Haryana_Farmland_2025_PostMonsoon_002,Landsat9,Haryana_Farmland,2025,PostMonsoon,LC09_147040_20251105,05-11-2025,2.08,Started
Landsat9_Haryana_Farmland_2026_Winter_001,Landsat9,Haryana_Farmland,2026,Winter,LC09_147040_20260225,25-02-2026,0.36,Started
Landsat9_Haryana_Farmland_2026_Winter_002,Landsat9,Haryana_Farmland,2026,Winter,LC09_147040_20260124,24-01-2026,0.66,Started
Landsat9_Haryana_Farmland_2026_Summer_001,Landsat9,Haryana_Farmland,2026,Summer,LC09_147040_20260414,14-04-2026,0,Started
Landsat9_Haryana_Farmland_2026_Summer_002,Landsat9,Haryana_Farmland,2026,Summer,LC09_147040_20260516,16-05-2026,0.36,Started
Landsat9_Andhra_Farmland_2025_Winter_001,Landsat9,Andhra_Farmland,2025,Winter,LC09_142049_20250219,19-02-2025,2.63,Started
Landsat9_Andhra_Farmland_2025_Summer_001,Landsat9,Andhra_Farmland,2025,Summer,LC09_142049_20250408,08-04-2025,4.99,Started
Landsat9_Andhra_Farmland_2026_Winter_001,Landsat9,Andhra_Farmland,2026,Winter,LC09_142049_20260222,22-02-2026,0.49,Started
Landsat9_Andhra_Farmland_2026_Winter_002,Landsat9,Andhra_Farmland,2026,Winter,LC09_142049_20260121,21-01-2026,0.84,Started
Landsat9_Andhra_Farmland_2026_Winter_003,Landsat9,Andhra_Farmland,2026,Winter,LC09_142049_20260206,06-02-2026,3.41,Started
Landsat9_Maharashtra_Farmland_2025_Winter_001,Landsat9,Maharashtra_Farmland,2025,Winter,LC09_146046_20250215,15-02-2025,0,Started
Landsat9_Maharashtra_Farmland_2025_Winter_002,Landsat9,Maharashtra_Farmland,2025,Winter,LC09_147046_20250222,22-02-2025,0.01,Started
Landsat9_Maharashtra_Farmland_2025_Winter_003,Landsat9,Maharashtra_Farmland,2025,Winter,LC09_146046_20250114,14-01-2025,0.04,Started
Landsat9_Maharashtra_Farmland_2025_Summer_001,Landsat9,Maharashtra_Farmland,2025,Summer,LC09_146046_20250404,04-04-2025,0.02,Started
Landsat9_Maharashtra_Farmland_2025_Summer_002,Landsat9,Maharashtra_Farmland,2025,Summer,LC09_146046_20250506,06-05-2025,0.02,Started
Landsat9_Maharashtra_Farmland_2025_Summer_003,Landsat9,Maharashtra_Farmland,2025,Summer,LC09_146046_20250420,20-04-2025,0.04,Started
Landsat9_Maharashtra_Farmland_2025_PostMonsoon_001,Landsat9,Maharashtra_Farmland,2025,PostMonsoon,LC09_146046_20251013,13-10-2025,0.01,Started
Landsat9_Maharashtra_Farmland_2025_PostMonsoon_002,Landsat9,Maharashtra_Farmland,2025,PostMonsoon,LC09_146046_20251114,14-11-2025,0.06,Started
Landsat9_Maharashtra_Farmland_2025_PostMonsoon_003,Landsat9,Maharashtra_Farmland,2025,PostMonsoon,LC09_147046_20251121,21-11-2025,0.07,Started
Landsat9_Maharashtra_Farmland_2026_Winter_001,Landsat9,Maharashtra_Farmland,2026,Winter,LC09_147046_20260108,08-01-2026,0.02,Started
Landsat9_Maharashtra_Farmland_2026_Winter_002,Landsat9,Maharashtra_Farmland,2026,Winter,LC09_147046_20260209,09-02-2026,0.07,Started
Landsat9_Maharashtra_Farmland_2026_Winter_003,Landsat9,Maharashtra_Farmland,2026,Winter,LC09_147046_20260225,25-02-2026,0.36,Started
Landsat9_Maharashtra_Farmland_2026_Summer_001,Landsat9,Maharashtra_Farmland,2026,Summer,LC09_146046_20260407,07-04-2026,0,Started
Landsat9_Maharashtra_Farmland_2026_Summer_002,Landsat9,Maharashtra_Farmland,2026,Summer,LC09_147046_20260414,14-04-2026,0,Started
Landsat9_Maharashtra_Farmland_2026_Summer_003,Landsat9,Maharashtra_Farmland,2026,Summer,LC09_147046_20260430,30-04-2026,0.02,Started
Landsat9_Bihar_Farmland_2025_Winter_001,Landsat9,Bihar_Farmland,2025,Winter,LC09_141042_20250111,11-01-2025,0,Started
Landsat9_Bihar_Farmland_2025_Winter_002,Landsat9,Bihar_Farmland,2025,Winter,LC09_140042_20250221,21-02-2025,0.34,Started
Landsat9_Bihar_Farmland_2025_Winter_003,Landsat9,Bihar_Farmland,2025,Winter,LC09_140043_20250221,21-02-2025,2.24,Started
Landsat9_Bihar_Farmland_2025_Summer_001,Landsat9,Bihar_Farmland,2025,Summer,LC09_140043_20250426,26-04-2025,0,Started
Landsat9_Bihar_Farmland_2025_Summer_002,Landsat9,Bihar_Farmland,2025,Summer,LC09_141042_20250401,01-04-2025,0,Started
Landsat9_Bihar_Farmland_2025_Summer_003,Landsat9,Bihar_Farmland,2025,Summer,LC09_140042_20250426,26-04-2025,1.83,Started
Landsat9_Bihar_Farmland_2025_PostMonsoon_001,Landsat9,Bihar_Farmland,2025,PostMonsoon,LC09_141042_20251111,11-11-2025,0.07,Started
Landsat9_Bihar_Farmland_2025_PostMonsoon_002,Landsat9,Bihar_Farmland,2025,PostMonsoon,LC09_140043_20251206,06-12-2025,0.12,Started
Landsat9_Bihar_Farmland_2025_PostMonsoon_003,Landsat9,Bihar_Farmland,2025,PostMonsoon,LC09_141042_20251010,10-10-2025,0.38,Started
Landsat9_Bihar_Farmland_2026_Winter_001,Landsat9,Bihar_Farmland,2026,Winter,LC09_140042_20260123,23-01-2026,0,Started
Landsat9_Bihar_Farmland_2026_Winter_002,Landsat9,Bihar_Farmland,2026,Winter,LC09_141042_20260114,14-01-2026,0.01,Started
Landsat9_Bihar_Farmland_2026_Winter_003,Landsat9,Bihar_Farmland,2026,Winter,LC09_141042_20260215,15-02-2026,0.02,Started
Landsat9_Bihar_Farmland_2026_Summer_001,Landsat9,Bihar_Farmland,2026,Summer,LC09_140043_20260413,13-04-2026,0.04,Started
Landsat9_Bihar_Farmland_2026_Summer_002,Landsat9,Bihar_Farmland,2026,Summer,LC09_140042_20260413,13-04-2026,0.42,Started
Landsat9_Bihar_Farmland_2026_Summer_003,Landsat9,Bihar_Farmland,2026,Summer,LC09_141042_20260420,20-04-2026,0.51,Started
Landsat9_WesternGhats_2025_Winter_001,Landsat9,WesternGhats,2025,Winter,LC09_144053_20250217,17-02-2025,1.63,Started
Landsat9_WesternGhats_2025_PostMonsoon_001,Landsat9,WesternGhats,2025,PostMonsoon,LC09_144053_20251031,31-10-2025,4.17,Started
Landsat9_WesternGhats_2026_Winter_001,Landsat9,WesternGhats,2026,Winter,LC09_144053_20260204,04-02-2026,0.94,Started
Landsat9_Assam_Forest_2025_Winter_001,Landsat9,Assam_Forest,2025,Winter,LC09_136042_20250209,09-02-2025,0.1,Started
Landsat9_Assam_Forest_2025_Winter_002,Landsat9,Assam_Forest,2025,Winter,LC09_137042_20250115,15-01-2025,1.74,Started
Landsat9_Assam_Forest_2025_PostMonsoon_001,Landsat9,Assam_Forest,2025,PostMonsoon,LC09_136042_20251210,10-12-2025,0.07,Started
Landsat9_Assam_Forest_2025_PostMonsoon_002,Landsat9,Assam_Forest,2025,PostMonsoon,LC09_137042_20251115,15-11-2025,1.64,Started
Landsat9_Assam_Forest_2025_PostMonsoon_003,Landsat9,Assam_Forest,2025,PostMonsoon,LC09_137042_20251201,01-12-2025,4.63,Started
Landsat9_Assam_Forest_2026_Winter_001,Landsat9,Assam_Forest,2026,Winter,LC09_136042_20260212,12-02-2026,0.28,Started
Landsat9_Assam_Forest_2026_Winter_002,Landsat9,Assam_Forest,2026,Winter,LC09_136042_20260127,27-01-2026,0.51,Started
Landsat9_Assam_Forest_2026_Winter_003,Landsat9,Assam_Forest,2026,Winter,LC09_137042_20260219,19-02-2026,0.65,Started
Landsat9_Nilgiris_2025_Winter_001,Landsat9,Nilgiris,2025,Winter,LC09_144052_20250217,17-02-2025,3.4,Started
Landsat9_Nilgiris_2025_Summer_001,Landsat9,Nilgiris,2025,Summer,LC09_144052_20250406,06-04-2025,4.2,Started
Landsat9_Nilgiris_2026_Winter_001,Landsat9,Nilgiris,2026,Winter,LC09_144052_20260204,04-02-2026,0.2,Started
Landsat9_Nilgiris_2026_Winter_002,Landsat9,Nilgiris,2026,Winter,LC09_144052_20260119,19-01-2026,2.63,Started
Landsat9_Bandipur_2025_Winter_001,Landsat9,Bandipur,2025,Winter,LC09_144052_20250217,17-02-2025,3.4,Started
Landsat9_Bandipur_2025_Summer_001,Landsat9,Bandipur,2025,Summer,LC09_144052_20250406,06-04-2025,4.2,Started
Landsat9_Bandipur_2026_Winter_001,Landsat9,Bandipur,2026,Winter,LC09_144052_20260204,04-02-2026,0.2,Started
Landsat9_Bandipur_2026_Winter_002,Landsat9,Bandipur,2026,Winter,LC09_144052_20260119,19-01-2026,2.63,Started
Landsat9_Kaziranga_2025_Winter_001,Landsat9,Kaziranga,2025,Winter,LC09_136042_20250209,09-02-2025,0.1,Started
Landsat9_Kaziranga_2025_Winter_002,Landsat9,Kaziranga,2025,Winter,LC09_135042_20250117,17-01-2025,0.6,Started
Landsat9_Kaziranga_2025_Winter_003,Landsat9,Kaziranga,2025,Winter,LC09_135042_20250101,01-01-2025,4.91,Started
Landsat9_Kaziranga_2025_PostMonsoon_001,Landsat9,Kaziranga,2025,PostMonsoon,LC09_136042_20251210,10-12-2025,0.07,Started
Landsat9_Kaziranga_2025_PostMonsoon_002,Landsat9,Kaziranga,2025,PostMonsoon,LC09_135042_20251117,17-11-2025,1.44,Started
Landsat9_Kaziranga_2025_PostMonsoon_003,Landsat9,Kaziranga,2025,PostMonsoon,LC09_136041_20251210,10-12-2025,1.52,Started
Landsat9_Kaziranga_2026_Winter_001,Landsat9,Kaziranga,2026,Winter,LC09_136042_20260212,12-02-2026,0.28,Started
Landsat9_Kaziranga_2026_Winter_002,Landsat9,Kaziranga,2026,Winter,LC09_136042_20260127,27-01-2026,0.51,Started
Landsat9_Kaziranga_2026_Winter_003,Landsat9,Kaziranga,2026,Winter,LC09_136041_20260127,27-01-2026,1.55,Started
Landsat9_JimCorbett_2025_Winter_001,Landsat9,JimCorbett,2025,Winter,LC09_145040_20250208,08-02-2025,0.04,Started
Landsat9_JimCorbett_2025_Winter_002,Landsat9,JimCorbett,2025,Winter,LC09_146040_20250130,30-01-2025,0.18,Started
Landsat9_JimCorbett_2025_Winter_003,Landsat9,JimCorbett,2025,Winter,LC09_145040_20250224,24-02-2025,0.26,Started
Landsat9_JimCorbett_2025_Summer_001,Landsat9,JimCorbett,2025,Summer,LC09_146040_20250404,04-04-2025,0.01,Started
Landsat9_JimCorbett_2025_Summer_002,Landsat9,JimCorbett,2025,Summer,LC09_145040_20250515,15-05-2025,0.19,Started
Landsat9_JimCorbett_2025_Summer_003,Landsat9,JimCorbett,2025,Summer,LC09_146040_20250420,20-04-2025,0.59,Started
Landsat9_JimCorbett_2025_PostMonsoon_001,Landsat9,JimCorbett,2025,PostMonsoon,LC09_145040_20251107,07-11-2025,0.03,Started
Landsat9_JimCorbett_2025_PostMonsoon_002,Landsat9,JimCorbett,2025,PostMonsoon,LC09_146040_20251114,14-11-2025,0.15,Started
Landsat9_JimCorbett_2025_PostMonsoon_003,Landsat9,JimCorbett,2025,PostMonsoon,LC09_146040_20251013,13-10-2025,0.16,Started
Landsat9_JimCorbett_2026_Winter_001,Landsat9,JimCorbett,2026,Winter,LC09_145040_20260110,10-01-2026,0.01,Started
Landsat9_JimCorbett_2026_Winter_002,Landsat9,JimCorbett,2026,Winter,LC09_145040_20260211,11-02-2026,0.03,Started
Landsat9_JimCorbett_2026_Winter_003,Landsat9,JimCorbett,2026,Winter,LC09_145040_20260227,27-02-2026,0.9,Started
Landsat9_JimCorbett_2026_Summer_001,Landsat9,JimCorbett,2026,Summer,LC09_146040_20260423,23-04-2026,0,Started
Landsat9_JimCorbett_2026_Summer_002,Landsat9,JimCorbett,2026,Summer,LC09_145040_20260518,18-05-2026,0.03,Started
Landsat9_JimCorbett_2026_Summer_003,Landsat9,JimCorbett,2026,Summer,LC09_145040_20260416,16-04-2026,0.05,Started
Landsat9_JimCorbett_2026_Monsoon_001,Landsat9,JimCorbett,2026,Monsoon,LC09_146040_20260712,12-07-2026,3.91,Started
Landsat8_Jamshedpur_2025_Winter_001,Landsat8,Jamshedpur,2025,Winter,LC08_140044_20250128,28-01-2025,0,Started
Landsat8_Jamshedpur_2025_Winter_002,Landsat8,Jamshedpur,2025,Winter,LC08_140044_20250213,13-02-2025,0,Started
Landsat8_Jamshedpur_2025_Winter_003,Landsat8,Jamshedpur,2025,Winter,LC08_139044_20250121,21-01-2025,0.27,Started
Landsat8_Jamshedpur_2025_Summer_001,Landsat8,Jamshedpur,2025,Summer,LC08_140044_20250504,04-05-2025,0.57,Started
Landsat8_Jamshedpur_2025_PostMonsoon_001,Landsat8,Jamshedpur,2025,PostMonsoon,LC08_139045_20251105,05-11-2025,0,Started
Landsat8_Jamshedpur_2025_PostMonsoon_002,Landsat8,Jamshedpur,2025,PostMonsoon,LC08_140044_20251112,12-11-2025,0,Started
Landsat8_Jamshedpur_2025_PostMonsoon_003,Landsat8,Jamshedpur,2025,PostMonsoon,LC08_140044_20251214,14-12-2025,0.01,Started
Landsat8_Jamshedpur_2026_Winter_001,Landsat8,Jamshedpur,2026,Winter,LC08_140044_20260115,15-01-2026,0,Started
Landsat8_Jamshedpur_2026_Winter_002,Landsat8,Jamshedpur,2026,Winter,LC08_140044_20260216,16-02-2026,0.01,Started
Landsat8_Jamshedpur_2026_Winter_003,Landsat8,Jamshedpur,2026,Winter,LC08_139044_20260124,24-01-2026,0.03,Started
Landsat8_Jamshedpur_2026_Summer_001,Landsat8,Jamshedpur,2026,Summer,LC08_139044_20260414,14-04-2026,0.03,Started
Landsat8_Jamshedpur_2026_Summer_002,Landsat8,Jamshedpur,2026,Summer,LC08_139045_20260414,14-04-2026,0.18,Started
Landsat8_Jamshedpur_2026_Summer_003,Landsat8,Jamshedpur,2026,Summer,LC08_140044_20260523,23-05-2026,0.99,Started
Landsat8_Hazira_2025_Winter_001,Landsat8,Hazira,2025,Winter,LC08_148046_20250205,05-02-2025,0,Started
Landsat8_Hazira_2025_Winter_002,Landsat8,Hazira,2025,Winter,LC08_148046_20250221,21-02-2025,0,Started
Landsat8_Hazira_2025_Winter_003,Landsat8,Hazira,2025,Winter,LC08_148046_20250104,04-01-2025,0.01,Started
Landsat8_Hazira_2025_Summer_001,Landsat8,Hazira,2025,Summer,LC08_148046_20250410,10-04-2025,1.33,Started
Landsat8_Hazira_2025_Summer_002,Landsat8,Hazira,2025,Summer,LC08_148045_20250426,26-04-2025,1.99,Started
Landsat8_Hazira_2025_Summer_003,Landsat8,Hazira,2025,Summer,LC08_148046_20250426,26-04-2025,2.98,Started
Landsat8_Hazira_2025_PostMonsoon_001,Landsat8,Hazira,2025,PostMonsoon,LC08_148046_20251120,20-11-2025,0,Started
Landsat8_Hazira_2025_PostMonsoon_002,Landsat8,Hazira,2025,PostMonsoon,LC08_148045_20251120,20-11-2025,0.32,Started
Landsat8_Hazira_2026_Winter_001,Landsat8,Hazira,2026,Winter,LC08_148046_20260224,24-02-2026,0.03,Started
Landsat8_Hazira_2026_Winter_002,Landsat8,Hazira,2026,Winter,LC08_148045_20260107,07-01-2026,0.04,Started
Landsat8_Hazira_2026_Winter_003,Landsat8,Hazira,2026,Winter,LC08_148046_20260107,07-01-2026,0.04,Started
Landsat8_Hazira_2026_Summer_001,Landsat8,Hazira,2026,Summer,LC08_148045_20260413,13-04-2026,0,Started
Landsat8_Hazira_2026_Summer_002,Landsat8,Hazira,2026,Summer,LC08_148046_20260413,13-04-2026,0.84,Started
Landsat8_Hazira_2026_Summer_003,Landsat8,Hazira,2026,Summer,LC08_148045_20260429,29-04-2026,1.55,Started
Landsat8_VizagIndustrial_2025_Winter_001,Landsat8,VizagIndustrial,2025,Winter,LC08_141048_20250119,19-01-2025,0.33,Started
Landsat8_VizagIndustrial_2025_Winter_002,Landsat8,VizagIndustrial,2025,Winter,LC08_141048_20250204,04-02-2025,0.65,Started
Landsat8_VizagIndustrial_2025_PostMonsoon_001,Landsat8,VizagIndustrial,2025,PostMonsoon,LC08_141048_20251119,19-11-2025,0.17,Started
Landsat8_VizagIndustrial_2026_Winter_001,Landsat8,VizagIndustrial,2026,Winter,LC08_141048_20260207,07-02-2026,0,Started
Landsat8_VizagIndustrial_2026_Winter_002,Landsat8,VizagIndustrial,2026,Winter,LC08_141048_20260122,22-01-2026,0.57,Started
Landsat8_VizagIndustrial_2026_Winter_003,Landsat8,VizagIndustrial,2026,Winter,LC08_141048_20260106,06-01-2026,4.27,Started
Landsat8_VizagIndustrial_2026_Summer_001,Landsat8,VizagIndustrial,2026,Summer,LC08_141048_20260412,12-04-2026,4.65,Started
Landsat8_ChennaiAirport_2025_Winter_001,Landsat8,ChennaiAirport,2025,Winter,LC08_142051_20250211,11-02-2025,2.95,Started
Landsat8_ChennaiAirport_2025_Monsoon_001,Landsat8,ChennaiAirport,2025,Monsoon,LC08_142051_20250806,06-08-2025,2.32,Started
Landsat8_ChennaiAirport_2026_Summer_001,Landsat8,ChennaiAirport,2026,Summer,LC08_142051_20260606,06-06-2026,1.84,Started
Landsat8_ChennaiAirport_2026_Summer_002,Landsat8,ChennaiAirport,2026,Summer,LC08_142051_20260419,19-04-2026,2.39,Started
Landsat8_ChennaiAirport_2026_Summer_003,Landsat8,ChennaiAirport,2026,Summer,LC08_142051_20260403,03-04-2026,3.41,Started
Landsat8_DelhiAirport_2025_Winter_001,Landsat8,DelhiAirport,2025,Winter,LC08_146040_20250223,23-02-2025,0.11,Started
Landsat8_DelhiAirport_2025_Winter_002,Landsat8,DelhiAirport,2025,Winter,LC08_147040_20250129,29-01-2025,4.05,Started
Landsat8_DelhiAirport_2025_Summer_001,Landsat8,DelhiAirport,2025,Summer,LC08_147040_20250403,03-04-2025,0,Started
Landsat8_DelhiAirport_2025_Summer_002,Landsat8,DelhiAirport,2025,Summer,LC08_147040_20250521,21-05-2025,0,Started
Landsat8_DelhiAirport_2025_Summer_003,Landsat8,DelhiAirport,2025,Summer,LC08_146040_20250514,14-05-2025,0.09,Started
Landsat8_DelhiAirport_2025_PostMonsoon_001,Landsat8,DelhiAirport,2025,PostMonsoon,LC08_147040_20251012,12-10-2025,0.01,Started
Landsat8_DelhiAirport_2025_PostMonsoon_002,Landsat8,DelhiAirport,2025,PostMonsoon,LC08_147040_20251129,29-11-2025,0.01,Started
Landsat8_DelhiAirport_2025_PostMonsoon_003,Landsat8,DelhiAirport,2025,PostMonsoon,LC08_146040_20251106,06-11-2025,0.27,Started
Landsat8_DelhiAirport_2026_Winter_001,Landsat8,DelhiAirport,2026,Winter,LC08_146040_20260125,25-01-2026,0.1,Started
Landsat8_DelhiAirport_2026_Winter_002,Landsat8,DelhiAirport,2026,Winter,LC08_146040_20260226,26-02-2026,0.99,Started
Landsat8_DelhiAirport_2026_Winter_003,Landsat8,DelhiAirport,2026,Winter,LC08_147040_20260217,17-02-2026,1.31,Started
Landsat8_DelhiAirport_2026_Summer_001,Landsat8,DelhiAirport,2026,Summer,LC08_146040_20260415,15-04-2026,0,Started
Landsat8_DelhiAirport_2026_Summer_002,Landsat8,DelhiAirport,2026,Summer,LC08_147040_20260609,09-06-2026,0,Started
Landsat8_DelhiAirport_2026_Summer_003,Landsat8,DelhiAirport,2026,Summer,LC08_147040_20260422,22-04-2026,0.01,Started
Landsat8_BengaluruAirport_2025_Winter_001,Landsat8,BengaluruAirport,2025,Winter,LC08_144051_20250209,09-02-2025,0.18,Started
Landsat8_BengaluruAirport_2025_Winter_002,Landsat8,BengaluruAirport,2025,Winter,LC08_144051_20250225,25-02-2025,0.53,Started
Landsat8_BengaluruAirport_2025_Winter_003,Landsat8,BengaluruAirport,2025,Winter,LC08_144051_20250108,08-01-2025,2.67,Started
Landsat8_BengaluruAirport_2025_Summer_001,Landsat8,BengaluruAirport,2025,Summer,LC08_144051_20250414,14-04-2025,0.92,Started
Landsat8_BengaluruAirport_2025_PostMonsoon_001,Landsat8,BengaluruAirport,2025,PostMonsoon,LC08_144051_20251210,10-12-2025,0.1,Started
Landsat8_BengaluruAirport_2026_Winter_001,Landsat8,BengaluruAirport,2026,Winter,LC08_144051_20260212,12-02-2026,0.05,Started
Landsat8_BengaluruAirport_2026_Winter_002,Landsat8,BengaluruAirport,2026,Winter,LC08_144051_20260127,27-01-2026,1.51,Started
Landsat8_BengaluruAirport_2026_Summer_001,Landsat8,BengaluruAirport,2026,Summer,LC08_144051_20260401,01-04-2026,0.23,Started
Landsat8_ChennaiPort_2025_Winter_001,Landsat8,ChennaiPort,2025,Winter,LC08_142051_20250211,11-02-2025,2.95,Started
Landsat8_ChennaiPort_2025_Monsoon_001,Landsat8,ChennaiPort,2025,Monsoon,LC08_142051_20250806,06-08-2025,2.32,Started
Landsat8_ChennaiPort_2026_Summer_001,Landsat8,ChennaiPort,2026,Summer,LC08_142051_20260606,06-06-2026,1.84,Started
Landsat8_ChennaiPort_2026_Summer_002,Landsat8,ChennaiPort,2026,Summer,LC08_142051_20260419,19-04-2026,2.39,Started
Landsat8_ChennaiPort_2026_Summer_003,Landsat8,ChennaiPort,2026,Summer,LC08_142051_20260403,03-04-2026,3.41,Started
Landsat8_MumbaiPort_2025_Winter_001,Landsat8,MumbaiPort,2025,Winter,LC08_148047_20250104,04-01-2025,0,Started
Landsat8_MumbaiPort_2025_Winter_002,Landsat8,MumbaiPort,2025,Winter,LC08_148047_20250205,05-02-2025,0,Started
Landsat8_MumbaiPort_2025_Winter_003,Landsat8,MumbaiPort,2025,Winter,LC08_148047_20250221,21-02-2025,0,Started
Landsat8_MumbaiPort_2025_Summer_001,Landsat8,MumbaiPort,2025,Summer,LC08_148047_20250410,10-04-2025,4.49,Started
Landsat8_MumbaiPort_2025_PostMonsoon_001,Landsat8,MumbaiPort,2025,PostMonsoon,LC08_148047_20251120,20-11-2025,0,Started
Landsat8_MumbaiPort_2025_PostMonsoon_002,Landsat8,MumbaiPort,2025,PostMonsoon,LC08_148047_20251019,19-10-2025,0.78,Started
Landsat8_MumbaiPort_2026_Winter_001,Landsat8,MumbaiPort,2026,Winter,LC08_148047_20260224,24-02-2026,0,Started
Landsat8_MumbaiPort_2026_Winter_002,Landsat8,MumbaiPort,2026,Winter,LC08_148047_20260107,07-01-2026,0.01,Started
Landsat8_MumbaiPort_2026_Winter_003,Landsat8,MumbaiPort,2026,Winter,LC08_148047_20260208,08-02-2026,0.01,Started
Landsat8_MumbaiPort_2026_Summer_001,Landsat8,MumbaiPort,2026,Summer,LC08_148047_20260413,13-04-2026,1.03,Started
Landsat8_MundraPort_2025_Winter_001,Landsat8,MundraPort,2025,Winter,LC08_150044_20250118,18-01-2025,3.63,Started
Landsat8_MundraPort_2025_Summer_001,Landsat8,MundraPort,2025,Summer,LC08_150044_20250408,08-04-2025,0,Started
Landsat8_MundraPort_2025_Summer_002,Landsat8,MundraPort,2025,Summer,LC08_150044_20250424,24-04-2025,0,Started
Landsat8_MundraPort_2025_Summer_003,Landsat8,MundraPort,2025,Summer,LC08_150044_20250510,10-05-2025,2.49,Started
Landsat8_MundraPort_2025_PostMonsoon_001,Landsat8,MundraPort,2025,PostMonsoon,LC08_150044_20251017,17-10-2025,0.25,Started
Landsat8_MundraPort_2025_PostMonsoon_002,Landsat8,MundraPort,2025,PostMonsoon,LC08_150044_20251204,04-12-2025,2.22,Started
Landsat8_MundraPort_2025_PostMonsoon_003,Landsat8,MundraPort,2025,PostMonsoon,LC08_150044_20251118,18-11-2025,2.84,Started
Landsat8_MundraPort_2026_Winter_001,Landsat8,MundraPort,2026,Winter,LC08_150044_20260105,05-01-2026,0.7,Started
Landsat8_MundraPort_2026_Winter_002,Landsat8,MundraPort,2026,Winter,LC08_150044_20260222,22-02-2026,0.76,Started
Landsat8_MundraPort_2026_Winter_003,Landsat8,MundraPort,2026,Winter,LC08_150044_20260121,21-01-2026,2.02,Started
Landsat8_MundraPort_2026_Summer_001,Landsat8,MundraPort,2026,Summer,LC08_150044_20260427,27-04-2026,0,Started
Landsat8_MundraPort_2026_Summer_002,Landsat8,MundraPort,2026,Summer,LC08_150044_20260513,13-05-2026,0,Started
Landsat8_MundraPort_2026_Summer_003,Landsat8,MundraPort,2026,Summer,LC08_150044_20260411,11-04-2026,0.02,Started
Landsat9_Jamshedpur_2025_Winter_001,Landsat9,Jamshedpur,2025,Winter,LC09_139045_20250113,13-01-2025,0,Started
Landsat9_Jamshedpur_2025_Winter_002,Landsat9,Jamshedpur,2025,Winter,LC09_140044_20250120,20-01-2025,0.01,Started
Landsat9_Jamshedpur_2025_Winter_003,Landsat9,Jamshedpur,2025,Winter,LC09_139044_20250214,14-02-2025,0.04,Started
Landsat9_Jamshedpur_2025_Summer_001,Landsat9,Jamshedpur,2025,Summer,LC09_140044_20250426,26-04-2025,0,Started
Landsat9_Jamshedpur_2025_Summer_002,Landsat9,Jamshedpur,2025,Summer,LC09_139044_20250505,05-05-2025,1.29,Started
Landsat9_Jamshedpur_2025_Summer_003,Landsat9,Jamshedpur,2025,Summer,LC09_139045_20250505,05-05-2025,3.21,Started
Landsat9_Jamshedpur_2025_PostMonsoon_001,Landsat9,Jamshedpur,2025,PostMonsoon,LC09_139044_20251012,12-10-2025,0,Started
Landsat9_Jamshedpur_2025_PostMonsoon_002,Landsat9,Jamshedpur,2025,PostMonsoon,LC09_139045_20251113,13-11-2025,0,Started
Landsat9_Jamshedpur_2025_PostMonsoon_003,Landsat9,Jamshedpur,2025,PostMonsoon,LC09_139044_20251113,13-11-2025,0.01,Started
Landsat9_Jamshedpur_2026_Winter_001,Landsat9,Jamshedpur,2026,Winter,LC09_140044_20260123,23-01-2026,0.01,Started
Landsat9_Jamshedpur_2026_Winter_002,Landsat9,Jamshedpur,2026,Winter,LC09_140044_20260208,08-02-2026,0.01,Started
Landsat9_Jamshedpur_2026_Winter_003,Landsat9,Jamshedpur,2026,Winter,LC09_139044_20260116,16-01-2026,0.04,Started
Landsat9_Jamshedpur_2026_Summer_001,Landsat9,Jamshedpur,2026,Summer,LC09_139044_20260422,22-04-2026,0,Started
Landsat9_Jamshedpur_2026_Summer_002,Landsat9,Jamshedpur,2026,Summer,LC09_140044_20260413,13-04-2026,0.02,Started
Landsat9_Jamshedpur_2026_Summer_003,Landsat9,Jamshedpur,2026,Summer,LC09_140044_20260429,29-04-2026,2.86,Started
Landsat9_Hazira_2025_Winter_001,Landsat9,Hazira,2025,Winter,LC09_148046_20250213,13-02-2025,0,Started
Landsat9_Hazira_2025_Winter_002,Landsat9,Hazira,2025,Winter,LC09_148045_20250213,13-02-2025,0.35,Started
Landsat9_Hazira_2025_Winter_003,Landsat9,Hazira,2025,Winter,LC09_148045_20250112,12-01-2025,0.89,Started
Landsat9_Hazira_2025_Summer_001,Landsat9,Hazira,2025,Summer,LC09_148045_20250418,18-04-2025,0,Started
Landsat9_Hazira_2025_Summer_002,Landsat9,Hazira,2025,Summer,LC09_148045_20250402,02-04-2025,0.01,Started
Landsat9_Hazira_2025_Summer_003,Landsat9,Hazira,2025,Summer,LC09_148046_20250418,18-04-2025,0.01,Started
Landsat9_Hazira_2025_PostMonsoon_001,Landsat9,Hazira,2025,PostMonsoon,LC09_148046_20251112,12-11-2025,0,Started
Landsat9_Hazira_2025_PostMonsoon_002,Landsat9,Hazira,2025,PostMonsoon,LC09_148046_20251214,14-12-2025,0,Started
Landsat9_Hazira_2025_PostMonsoon_003,Landsat9,Hazira,2025,PostMonsoon,LC09_148045_20251011,11-10-2025,0.01,Started
Landsat9_Hazira_2026_Winter_001,Landsat9,Hazira,2026,Winter,LC09_148046_20260115,15-01-2026,0.01,Started
Landsat9_Hazira_2026_Winter_002,Landsat9,Hazira,2026,Winter,LC09_148046_20260216,16-02-2026,0.07,Started
Landsat9_Hazira_2026_Winter_003,Landsat9,Hazira,2026,Winter,LC09_148045_20260115,15-01-2026,0.31,Started
Landsat9_Hazira_2026_Summer_001,Landsat9,Hazira,2026,Summer,LC09_148045_20260507,07-05-2026,0.59,Started
Landsat9_Hazira_2026_Summer_002,Landsat9,Hazira,2026,Summer,LC09_148046_20260507,07-05-2026,1.16,Started
Landsat9_Hazira_2026_Summer_003,Landsat9,Hazira,2026,Summer,LC09_148045_20260421,21-04-2026,2.43,Started
Landsat9_VizagIndustrial_2025_Winter_001,Landsat9,VizagIndustrial,2025,Winter,LC09_141048_20250212,12-02-2025,0.01,Started
Landsat9_VizagIndustrial_2025_Winter_002,Landsat9,VizagIndustrial,2025,Winter,LC09_141048_20250111,11-01-2025,4.81,Started
Landsat9_VizagIndustrial_2025_Summer_001,Landsat9,VizagIndustrial,2025,Summer,LC09_141048_20250401,01-04-2025,0.42,Started
Landsat9_VizagIndustrial_2025_PostMonsoon_001,Landsat9,VizagIndustrial,2025,PostMonsoon,LC09_141048_20251213,13-12-2025,1.02,Started
Landsat9_VizagIndustrial_2025_PostMonsoon_002,Landsat9,VizagIndustrial,2025,PostMonsoon,LC09_141048_20251127,27-11-2025,4.51,Started
Landsat9_VizagIndustrial_2026_Winter_001,Landsat9,VizagIndustrial,2026,Winter,LC09_141048_20260215,15-02-2026,0.2,Started
Landsat9_VizagIndustrial_2026_Winter_002,Landsat9,VizagIndustrial,2026,Winter,LC09_141048_20260114,14-01-2026,0.66,Started
Landsat9_VizagIndustrial_2026_Winter_003,Landsat9,VizagIndustrial,2026,Winter,LC09_141048_20260130,30-01-2026,2.84,Started
Landsat9_ChennaiAirport_2025_Winter_001,Landsat9,ChennaiAirport,2025,Winter,LC09_142051_20250203,03-02-2025,3.98,Started
Landsat9_ChennaiAirport_2025_Winter_002,Landsat9,ChennaiAirport,2025,Winter,LC09_142051_20250219,19-02-2025,4.68,Started
Landsat9_ChennaiAirport_2025_Summer_001,Landsat9,ChennaiAirport,2025,Summer,LC09_142051_20250424,24-04-2025,3.76,Started
Landsat9_ChennaiAirport_2026_Summer_001,Landsat9,ChennaiAirport,2026,Summer,LC09_142051_20260427,27-04-2026,4.34,Started
Landsat9_DelhiAirport_2025_Winter_001,Landsat9,DelhiAirport,2025,Winter,LC09_147040_20250206,06-02-2025,0.03,Started
Landsat9_DelhiAirport_2025_Winter_002,Landsat9,DelhiAirport,2025,Winter,LC09_146040_20250130,30-01-2025,0.18,Started
Landsat9_DelhiAirport_2025_Winter_003,Landsat9,DelhiAirport,2025,Winter,LC09_147040_20250121,21-01-2025,0.42,Started
Landsat9_DelhiAirport_2025_Summer_001,Landsat9,DelhiAirport,2025,Summer,LC09_146040_20250404,04-04-2025,0.01,Started
Landsat9_DelhiAirport_2025_Summer_002,Landsat9,DelhiAirport,2025,Summer,LC09_147040_20250614,14-06-2025,0.47,Started
Landsat9_DelhiAirport_2025_Summer_003,Landsat9,DelhiAirport,2025,Summer,LC09_146040_20250420,20-04-2025,0.59,Started
Landsat9_DelhiAirport_2025_PostMonsoon_001,Landsat9,DelhiAirport,2025,PostMonsoon,LC09_146040_20251114,14-11-2025,0.15,Started
Landsat9_DelhiAirport_2025_PostMonsoon_002,Landsat9,DelhiAirport,2025,PostMonsoon,LC09_146040_20251013,13-10-2025,0.16,Started
Landsat9_DelhiAirport_2025_PostMonsoon_003,Landsat9,DelhiAirport,2025,PostMonsoon,LC09_147040_20251207,07-12-2025,0.55,Started
Landsat9_DelhiAirport_2026_Winter_001,Landsat9,DelhiAirport,2026,Winter,LC09_147040_20260225,25-02-2026,0.36,Started
Landsat9_DelhiAirport_2026_Winter_002,Landsat9,DelhiAirport,2026,Winter,LC09_147040_20260124,24-01-2026,0.66,Started
Landsat9_DelhiAirport_2026_Summer_001,Landsat9,DelhiAirport,2026,Summer,LC09_146040_20260423,23-04-2026,0,Started
Landsat9_DelhiAirport_2026_Summer_002,Landsat9,DelhiAirport,2026,Summer,LC09_147040_20260414,14-04-2026,0,Started
Landsat9_DelhiAirport_2026_Summer_003,Landsat9,DelhiAirport,2026,Summer,LC09_146040_20260525,25-05-2026,0.07,Started
Landsat9_DelhiAirport_2026_Monsoon_001,Landsat9,DelhiAirport,2026,Monsoon,LC09_146040_20260712,12-07-2026,3.91,Started
Landsat9_BengaluruAirport_2025_Winter_001,Landsat9,BengaluruAirport,2025,Winter,LC09_144051_20250217,17-02-2025,0,Started
Landsat9_BengaluruAirport_2025_Summer_001,Landsat9,BengaluruAirport,2025,Summer,LC09_144051_20250422,22-04-2025,1.33,Started
Landsat9_BengaluruAirport_2026_Winter_001,Landsat9,BengaluruAirport,2026,Winter,LC09_144051_20260204,04-02-2026,0.06,Started
Landsat9_BengaluruAirport_2026_Winter_002,Landsat9,BengaluruAirport,2026,Winter,LC09_144051_20260119,19-01-2026,0.54,Started
Landsat9_BengaluruAirport_2026_Winter_003,Landsat9,BengaluruAirport,2026,Winter,LC09_144051_20260220,20-02-2026,0.8,Started
Landsat9_ChennaiPort_2025_Winter_001,Landsat9,ChennaiPort,2025,Winter,LC09_142051_20250203,03-02-2025,3.98,Started
Landsat9_ChennaiPort_2025_Winter_002,Landsat9,ChennaiPort,2025,Winter,LC09_142051_20250219,19-02-2025,4.68,Started
Landsat9_ChennaiPort_2025_Summer_001,Landsat9,ChennaiPort,2025,Summer,LC09_142051_20250424,24-04-2025,3.76,Started
Landsat9_ChennaiPort_2026_Summer_001,Landsat9,ChennaiPort,2026,Summer,LC09_142051_20260427,27-04-2026,4.34,Started
Landsat9_MumbaiPort_2025_Winter_001,Landsat9,MumbaiPort,2025,Winter,LC09_148047_20250213,13-02-2025,0,Started
Landsat9_MumbaiPort_2025_Winter_002,Landsat9,MumbaiPort,2025,Winter,LC09_148047_20250112,12-01-2025,0.33,Started
Landsat9_MumbaiPort_2025_Summer_001,Landsat9,MumbaiPort,2025,Summer,LC09_148047_20250418,18-04-2025,1.35,Started
Landsat9_MumbaiPort_2025_PostMonsoon_001,Landsat9,MumbaiPort,2025,PostMonsoon,LC09_148047_20251112,12-11-2025,0,Started
Landsat9_MumbaiPort_2025_PostMonsoon_002,Landsat9,MumbaiPort,2025,PostMonsoon,LC09_148047_20251128,28-11-2025,0,Started
Landsat9_MumbaiPort_2025_PostMonsoon_003,Landsat9,MumbaiPort,2025,PostMonsoon,LC09_148047_20251214,14-12-2025,0,Started
Landsat9_MumbaiPort_2026_Winter_001,Landsat9,MumbaiPort,2026,Winter,LC09_148047_20260115,15-01-2026,0,Started
Landsat9_MumbaiPort_2026_Winter_002,Landsat9,MumbaiPort,2026,Winter,LC09_148047_20260216,16-02-2026,0,Started
Landsat9_MundraPort_2025_Winter_001,Landsat9,MundraPort,2025,Winter,LC09_150044_20250126,26-01-2025,4.15,Started
Landsat9_MundraPort_2025_Winter_002,Landsat9,MundraPort,2025,Winter,LC09_150044_20250211,11-02-2025,4.81,Started
Landsat9_MundraPort_2025_Summer_001,Landsat9,MundraPort,2025,Summer,LC09_150044_20250416,16-04-2025,0.01,Started
Landsat9_MundraPort_2025_Summer_002,Landsat9,MundraPort,2025,Summer,LC09_150044_20250502,02-05-2025,0.01,Started
Landsat9_MundraPort_2025_PostMonsoon_001,Landsat9,MundraPort,2025,PostMonsoon,LC09_150044_20251110,10-11-2025,0.28,Started
Landsat9_MundraPort_2025_PostMonsoon_002,Landsat9,MundraPort,2025,PostMonsoon,LC09_150044_20251212,12-12-2025,0.67,Started
Landsat9_MundraPort_2025_PostMonsoon_003,Landsat9,MundraPort,2025,PostMonsoon,LC09_150044_20251025,25-10-2025,2.04,Started
Landsat9_MundraPort_2026_Winter_001,Landsat9,MundraPort,2026,Winter,LC09_150044_20260214,14-02-2026,0.71,Started
Landsat9_MundraPort_2026_Winter_002,Landsat9,MundraPort,2026,Winter,LC09_150044_20260113,13-01-2026,1.69,Started
Landsat9_MundraPort_2026_Summer_001,Landsat9,MundraPort,2026,Summer,LC09_150044_20260521,21-05-2026,0,Started
Landsat9_MundraPort_2026_Summer_002,Landsat9,MundraPort,2026,Summer,LC09_150044_20260419,19-04-2026,0.31,Started
Landsat9_MundraPort_2026_Summer_003,Landsat9,MundraPort,2026,Summer,LC09_150044_20260505,05-05-2026,0.57,Started
